index,name,category,score,issues,peak,clip_fraction,dc,level_db,width,low_width,centroid_hz,low_fraction,high_fraction,attack_s,sustain_db,release_s,movement,vel_db,vel_bright,line_dip_db,macro1_effect,macro2_effect,macro3_effect,macro4_effect
304,Ratio Snap Bell,Pluck,71,"doesn't decay like a pluck (-6.5 dB after 1.8 s); no velocity response (+0.2 dB, +0.05 oct brightness); fast notes smear together (2.7 dB between notes); very long tail (11.5 s to -60 dB after note-off)",0.4595,0.0000,0.0000,-17.1812,0.0453,0.1620,1258.2276,0.0000,0.0000,0.0000,-6.4750,11.5000,0.2837,0.2008,0.0502,2.6698,6.9622,7.3755,2.9620,35.7023
314,PD Metallic Bell,Pluck,73,doesn't decay like a pluck (-7.5 dB after 1.8 s); fast notes smear together (3.0 dB between notes); harsh top end (8.4 % above 8 kHz (category median 0.0 %)); very long tail (11.5 s to -60 dB after note-off),0.6842,0.0000,0.0000,-17.1927,0.0459,0.0203,6537.1203,0.0005,0.0838,0.0050,-7.4940,11.5000,0.4328,4.5084,-0.0801,2.9840,5.5296,7.1167,4.1217,11.8932
88,Neuro Formant,Bass,78,"no velocity response (+0.8 dB, +0.05 oct brightness); weak low end for a bass (9 % under 150 Hz); wide bass (low end not mono) (width under 150 Hz 0.23)",0.5246,0.0000,0.0010,-13.3305,0.2066,0.2274,1943.4117,0.0888,0.0006,0.6250,-13.4963,0.1400,0.1670,0.7964,0.0458,7.0721,3.6347,1.6828,7.5753,7.2456
310,Warp Stack Bass,Bass,78,"macros that barely change the sound (macro 4 (DRIVE)); no velocity response (+1.4 dB, +0.02 oct brightness); fast notes smear together (2.6 dB between notes)",0.3740,0.0000,0.0000,-14.4460,0.0000,0.0000,3319.1973,0.8618,0.0008,0.0300,-3.9415,0.2350,0.0942,1.4141,0.0150,2.5838,4.1392,4.8192,3.5545,0.3020
221,Chaos Filter Pad,Pad,79,"macros that barely change the sound (macro 1 (CHAOS), 3 (RESO)); a little loud (+3.1 dB against its category)",0.8832,0.0000,0.0001,-11.5440,0.3685,0.8077,3643.0437,0.0000,0.0002,0.8600,-3.4053,11.5000,0.3564,9.5272,-0.1383,3.6810,0.7841,12.8732,0.0609,19.8593
343,OTA Squelch,Bass,81,macros that barely change the sound (macro 2 (ACCENT)); weak low end for a bass (5 % under 150 Hz); very long tail (11.5 s to -60 dB after note-off),0.3420,0.0000,0.0001,-16.7730,0.0000,0.0000,917.3562,0.0451,0.0000,0.0150,-2.6398,11.5000,0.0329,1.8864,0.0747,11.6466,4.8293,0.3710,1.8644,5.6683
10,PWM Pulse,Pluck,82,doesn't decay like a pluck (-5.2 dB after 1.8 s); fast notes smear together (2.9 dB between notes),0.5663,0.0000,0.0001,-17.0671,0.3941,0.0388,3575.8005,0.1307,0.0037,1.2000,-5.1768,0.2600,0.3482,3.0029,0.0884,2.9198,12.2759,4.6828,14.9249,13.5366
199,Legato Glide Lead,Lead,83,macros that barely change the sound (macro 2 (GLIDE)); fast notes smear together (2.8 dB between notes); very long tail (11.5 s to -60 dB after note-off),0.4117,0.0000,0.0001,-14.9895,0.3707,0.0390,1424.6950,0.2496,0.0000,0.0050,-7.9461,11.5000,0.3378,2.2424,0.3304,2.8318,10.7583,0.0000,10.8529,10.3070
95,Morph Filter Bass,Bass,84,"macros that barely change the sound (macro 1 (MORPH), 3 (RESO))",0.5423,0.0000,0.0001,-12.6236,0.0000,0.0000,176.6939,0.9252,0.0000,0.4400,-3.0475,0.1100,0.2245,2.3337,0.1984,9.7000,0.9769,35.0328,0.5939,7.2843
113,Theremin,Lead,84,macros that barely change the sound (macro 3 (GLIDE)); much darker than its category (382 Hz); very long tail (11.5 s to -60 dB after note-off),0.3338,0.0000,0.0001,-15.0849,0.0009,0.0580,381.9456,0.0000,0.0000,0.1650,-1.3996,11.5000,0.1450,2.4375,0.0101,3.8483,12.2977,6.6434,0.0000,16.2106
196,Ladder Swell Pad,Pad,84,"macros that barely change the sound (macro 3 (RESO), 4 (RESO))",0.7640,0.0000,0.0002,-14.9238,0.4984,0.9793,2269.4050,0.0004,0.0000,1.9450,-2.0518,1.4000,1.0411,7.7487,0.4700,3.7381,29.6309,18.9855,0.3345,0.3345
25,Smear Pluck,Pluck,85,doesn't decay like a pluck (-6.1 dB after 1.8 s); very long tail (11.5 s to -60 dB after note-off),0.5532,0.0000,0.0000,-16.5291,0.0187,0.2391,2550.0461,0.0001,0.0002,0.5150,-6.1447,11.5000,0.2900,6.8042,0.0938,3.7261,33.2282,4.2918,4.9132,4.1247
40,Vocal Chop,Pluck,85,too quiet (-11.1 dB against its category),0.6831,0.0000,0.0000,-28.5364,0.4159,0.3371,4404.7590,0.0090,0.0109,0.0100,-51.0601,0.0000,1.5209,2.4633,0.1777,8.6032,31.2698,9.5003,9.3075,7.8263
129,Muted Guitar,Pluck,85,too quiet (-6.2 dB against its category),0.7722,0.0000,0.0000,-23.5850,0.0000,0.0000,597.2465,0.0000,0.0000,0.0000,-169.3270,0.0000,1.3328,15.0647,0.0249,10.5500,64.7947,19.9208,27.5704,26.8977
261,Detuned Zither,Pluck,85,too quiet (-6.9 dB against its category),0.9695,0.0000,0.0000,-24.3066,0.5651,0.8329,4479.1397,0.0000,0.0132,0.0050,-89.9526,0.0000,1.8544,19.1377,-0.0301,6.6988,12.2433,8.6215,17.0745,12.7225
264,Baroque Lute,Pluck,85,too quiet (-7.5 dB against its category),0.9189,0.0000,0.0000,-24.9664,0.3804,0.8436,3408.4700,0.0000,0.0011,0.0000,-37.8648,0.8100,1.6731,19.2280,-0.1132,5.3265,21.9071,8.9205,6.9633,13.8170
265,Contrabass Growl,Bass,85,too quiet (-10.2 dB against its category),0.7131,0.0000,0.0000,-24.4715,0.0000,0.0000,1025.6306,0.2235,0.0000,0.0000,-35.3556,0.1450,1.1620,16.5851,0.0321,5.5366,7.8828,9.3328,9.0092,18.0010
101,Ladder Lead,Lead,86,macros that barely change the sound (macro 3 (GLIDE)); fast notes smear together (1.8 dB between notes),0.3645,0.0000,0.0002,-15.0734,0.0000,0.0000,1288.0549,0.0000,0.0000,0.0100,-1.4802,0.2500,0.2919,2.2377,0.4304,1.8113,13.4404,2.4426,0.0000,7.4042
117,Octave Screamer,Lead,86,macros that barely change the sound (macro 3 (DRIVE)); fast notes smear together (2.0 dB between notes),0.4067,0.0000,0.0001,-15.2299,0.2535,0.7934,2781.8133,0.0002,0.0005,0.0100,-1.1344,0.2500,0.0864,2.2477,-0.1290,2.0254,10.5291,3.0033,0.2808,15.5779
337,West Folded Bass,Bass,86,"no velocity response (-0.4 dB, +0.02 oct brightness); fast notes smear together (1.6 dB between notes)",0.2420,0.0000,0.0002,-14.8334,0.0000,0.0000,534.6665,0.3834,0.0000,0.2000,-0.6250,0.1750,0.1406,-0.4285,0.0225,1.6135,20.5323,3.9530,3.2299,1.9292
5,Sub Destroyer,Bass,87,macros that barely change the sound (macro 2 (MORPH)); a little quiet (-3.1 dB against its category),0.7532,0.0000,0.0000,-17.4520,0.0000,0.0000,129.9598,0.8248,0.0000,0.0050,-172.9080,0.0000,3.2603,0.7219,0.1699,5.7786,5.9896,0.9199,4.0580,29.5214
197,EQ Sculpted Pad,Pad,87,macros that barely change the sound (macro 3 (AIR)); a little quiet (-5.9 dB against its category),0.5693,0.0000,0.0000,-20.5017,0.1699,0.3544,1461.5476,0.0000,0.0000,0.0600,-13.2266,0.5000,0.3412,-3.9463,0.2419,5.2657,38.5448,9.9762,0.2401,9.5925
207,Through-Zero Growl,Bass,87,"no velocity response (+0.1 dB, -0.03 oct brightness); a little quiet (-4.4 dB against its category)",0.4386,0.0000,0.0000,-18.6931,0.0000,0.0000,2453.8541,0.5233,0.0009,0.0000,-7.2584,0.2850,0.0724,0.0875,-0.0307,4.8049,4.0467,5.4874,7.3870,11.7225
75,Arp Glass,Pluck,88,doesn't decay like a pluck (-4.4 dB after 1.8 s),0.5330,0.0000,0.0001,-18.8013,0.3001,0.3633,2286.5260,0.1186,0.0015,1.0250,-4.4456,1.3100,0.5495,0.4653,-0.0947,5.8993,6.8315,11.4846,17.4776,10.4383
82,MS-20 Growl,Bass,88,wide bass (low end not mono) (width under 150 Hz 0.30); fast notes smear together (2.1 dB between notes),0.5497,0.0000,0.0000,-13.0197,0.3018,0.3020,237.9497,0.8300,0.0000,0.0550,-2.1617,0.8400,0.0857,1.3636,0.5075,2.1278,14.1174,9.7039,7.0026,17.0737
22,Resonant Scream,Lead,89,fast notes smear together (2.3 dB between notes); a little quiet (-3.3 dB against its category),0.4846,0.0000,0.0000,-18.0106,0.3773,0.3162,4746.0245,0.0345,0.0117,0.0300,-1.9280,1.1500,0.1102,2.6622,-0.0640,2.3442,2.6124,2.8376,2.8298,7.5522
36,MPE Lead,Lead,89,macros that barely change the sound (macro 2 (MORPH)); very long tail (11.5 s to -60 dB after note-off),0.7388,0.0000,0.0001,-13.9419,0.4265,0.0689,2188.3737,0.1291,0.0001,0.9850,-6.3929,11.5000,0.4851,2.9484,0.2275,3.2293,7.5766,0.5220,10.4511,24.8631
50,Rig Lead,Lead,89,macros that barely change the sound (macro 2 (MORPH)); very long tail (11.5 s to -60 dB after note-off),0.6487,0.0000,0.0001,-14.0443,0.6915,0.6231,2764.3811,0.0905,0.0006,0.0050,-4.0535,11.5000,0.3815,-0.5798,0.6387,4.1626,6.9092,0.9525,4.4729,6.0549
154,Harpsichord,Keys,89,harsh top end (2.2 % above 8 kHz (category median 0.0 %)); much brighter than its category (4285 Hz),0.9231,0.0000,0.0003,-16.8187,0.0000,0.0000,4284.6624,0.0000,0.0221,0.0000,-67.6834,0.0000,2.1144,3.1156,0.0779,2.2995,9.5243,13.1355,1.7749,13.1313
257,Nylon Twelve,Pluck,89,harsh top end (2.3 % above 8 kHz (category median 0.0 %)); a little quiet (-4.3 dB against its category),0.8156,0.0000,0.0000,-21.7101,0.3392,0.3382,4702.2917,0.0000,0.0230,0.0000,-49.5619,0.2850,1.0953,17.0398,0.1300,4.8058,10.5078,7.4844,12.9230,8.0178
309,PD Casio Lead,Lead,89,"no velocity response (+1.0 dB, +0.06 oct brightness); very long tail (11.5 s to -60 dB after note-off)",0.4645,0.0000,0.0001,-13.9124,0.0000,0.0000,1101.8437,0.0000,0.0000,0.3800,-2.1836,11.5000,0.6017,0.9720,0.0626,3.1686,12.4056,14.7785,4.1665,2.5109
2,Scream Lead,Lead,91,fast notes smear together (2.9 dB between notes); very long tail (11.5 s to -60 dB after note-off),0.6235,0.0000,0.0000,-16.0250,0.4321,0.5792,3746.5528,0.0002,0.0035,0.0100,-3.9771,11.5000,0.2286,3.2265,0.2348,2.9133,24.6210,7.0344,1.2907,1.7111
109,Glass Lead,Lead,91,fast notes smear together (2.7 dB between notes); very long tail (11.5 s to -60 dB after note-off),0.7642,0.0000,0.0001,-15.1046,0.0000,0.0000,2215.0841,0.0000,0.0001,0.0100,-17.9834,11.5000,0.5911,3.0793,-0.8735,2.6751,10.5386,5.6130,4.8706,4.4784
209,Key FM Scream,Lead,91,fast notes smear together (2.6 dB between notes); very long tail (11.5 s to -60 dB after note-off),0.3942,0.0000,0.0002,-14.9462,0.2963,0.4688,1535.7110,0.0000,0.0000,0.6250,-3.2504,11.5000,0.3945,1.9929,0.2404,2.5545,6.9122,11.6837,3.3840,6.5619
306,Feedback Chain Bass,Bass,91,wide bass (low end not mono) (width under 150 Hz 0.63); very long tail (11.5 s to -60 dB after note-off),0.6036,0.0000,0.0000,-15.7279,0.5181,0.6295,144.9218,0.9355,0.0000,1.8450,-1.9265,11.5000,0.2643,4.1528,0.0021,12.5809,21.2247,7.9174,14.2849,13.5103
313,Dual Stage Warp Lead,Lead,91,harsh top end (4.9 % above 8 kHz (category median 0.0 %)); very long tail (11.5 s to -60 dB after note-off),0.6589,0.0000,0.0000,-13.9817,0.3725,0.3522,5876.3228,0.0000,0.0491,0.0750,-2.0801,11.5000,0.4078,2.4734,-0.0003,11.6211,6.4421,10.1370,13.5043,3.2977
328,Glass Chime Body,Pluck,91,fast notes smear together (2.5 dB between notes); very long tail (11.5 s to -60 dB after note-off),0.8074,0.0000,0.0001,-17.4305,0.3854,1.0955,5827.5048,0.0000,0.0031,0.0150,-17.4952,11.5000,0.5389,2.8756,0.0234,2.5433,57.8483,246.9663,112.6532,7.6436
346,SEM Classic Lead,Lead,91,fast notes smear together (2.6 dB between notes); very long tail (11.5 s to -60 dB after note-off),0.4028,0.0000,0.0001,-15.0813,0.0000,0.0000,1434.7909,0.0000,0.0000,0.7650,-1.2078,11.5000,0.3379,2.4558,0.1908,2.5649,4.3098,4.8357,1.4853,1.7263
348,Screaming Feedback Lead,Lead,91,fast notes smear together (1.8 dB between notes); very long tail (11.5 s to -60 dB after note-off),0.3062,0.0000,0.0000,-14.8919,0.0000,0.0000,1422.8662,0.0000,0.0000,0.4700,-0.5770,11.5000,0.2831,4.4133,-0.3942,1.8256,5.2526,5.5396,4.8455,11.1722
23,Tape Lead,Lead,92,macros that barely change the sound (macro 2 (MORPH)),0.2928,0.0000,0.0000,-14.0482,0.5309,0.4287,1640.5420,0.1677,0.0000,0.4000,-6.0394,0.6000,0.3462,0.9491,0.7296,4.2595,9.3674,0.6149,5.3319,1.2256
51,Shimmer Pad,Pad,92,macros that barely change the sound (macro 2 (MORPH)),0.7771,0.0000,0.0001,-14.2114,0.8631,0.8155,1775.7142,0.0598,0.0001,1.5600,-2.0546,11.5000,0.3978,6.6950,-0.1731,6.0128,9.4931,0.6856,8.0649,4.2927
65,Clocked Bass,Bass,92,"no velocity response (+1.2 dB, +0.01 oct brightness)",0.6581,0.0000,0.0001,-14.2353,0.0000,0.0000,2463.2673,0.3827,0.0011,0.0050,-15.1666,0.3250,0.1030,1.2333,0.0094,5.1749,10.5483,6.2710,4.7162,3.5195
67,Crushed Trap,Bass,92,"no velocity response (-0.2 dB, +0.05 oct brightness)",0.4803,0.0000,0.0002,-13.5008,0.0000,0.0000,2760.2159,0.8265,0.0006,0.0000,-3.4121,0.3300,0.1100,-0.2227,0.0514,5.1540,4.5856,1.8803,2.9474,10.6931
72,LFO 4 Sweep,Pad,92,macros that barely change the sound (macro 1 (TONE)),0.7019,0.0000,0.0001,-14.8640,0.6825,0.5260,2764.0155,0.1242,0.0004,0.6350,-2.3760,11.5000,0.4846,8.1249,0.9234,5.5961,0.8551,1.2159,5.8531,6.7231
74,LFO 3 Wobble,Bass,92,macros that barely change the sound (macro 2 (MORPH)),0.4557,0.0000,0.0000,-14.3153,0.2362,0.0726,1496.3019,0.8294,0.0001,0.1100,-0.9827,0.3000,1.2049,2.8658,-0.0391,8.4040,6.3519,0.3885,3.2865,4.2138
76,Resonator Pluck,Pluck,92,"no velocity response (+0.2 dB, -0.01 oct brightness)",0.7696,0.0000,0.0000,-16.7681,0.0000,0.0000,2563.4217,0.0229,0.0057,0.1500,-111.4790,0.0000,2.3264,0.1957,-0.0112,3.4353,14.4629,11.7473,14.1717,6.1779
77,Sub 808 Arp,Bass,92,"no velocity response (+0.0 dB, +0.00 oct brightness)",0.3978,0.0000,0.0001,-13.5906,0.0000,0.0000,350.2507,0.9613,0.0000,0.1350,-4.2848,0.2500,0.8713,0.0000,0.0000,5.9788,8.3807,383.7336,9.5651,2.5490
86,FM Donk,Bass,92,"no velocity response (+0.7 dB, +0.00 oct brightness)",0.7561,0.0000,0.0000,-14.3540,0.0000,0.0000,76.6688,0.9994,0.0000,0.0000,-175.3804,0.0000,3.8615,0.7013,0.0004,4.4836,37.8074,26.1768,56.8252,6.2097
103,Sync Scream,Lead,92,"no velocity response (-0.0 dB, +0.00 oct brightness)",0.2951,0.0000,0.0001,-14.3228,0.0000,0.0000,5515.5728,0.0001,0.0059,0.0100,-1.0314,0.3700,0.2378,-0.0000,0.0000,10.1559,8.7669,12.7520,5.0253,5.0253
107,Chip Lead,Lead,92,"no velocity response (+0.0 dB, -0.00 oct brightness)",0.2924,0.0000,0.0004,-14.9215,0.0000,0.0000,3546.6084,0.0000,0.0020,0.0000,-1.8220,0.1000,0.0182,0.0000,-0.0000,3.6163,24.0891,6.9969,1.1565,1.1565
223,Swing Gate Pad,Pad,92,macros that barely change the sound (macro 1 (SWING)),0.8157,0.0000,0.0000,-15.8455,0.3182,0.4807,3477.2688,0.0000,0.0073,1.1250,-15.9010,0.4050,0.7490,3.1846,-0.0233,7.2029,0.7324,6.3628,6.7674,4.7131
235,Hammered Strings,Keys,92,macros that barely change the sound (macro 3 (PEDAL)),0.7813,0.0000,0.0000,-15.0710,0.2451,0.9958,722.9869,0.0000,0.0000,0.0150,-23.0702,0.5400,0.6684,76.2325,1.3567,9.5367,22.6966,11.0005,0.7710,6.7711
246,Metal Plate Hybrid,Pluck,92,much darker than its category (323 Hz); very long tail (11.5 s to -60 dB after note-off),0.5818,0.0000,0.0000,-17.1368,0.9194,0.3911,322.6288,0.0000,0.0000,0.0000,-13.4108,11.5000,0.7171,50.3242,-2.7239,8.5452,273.2752,102.8622,12.6960,66.0543
256,Felt Hammer Board,Keys,92,macros that barely change the sound (macro 2 (PEDAL)),0.8773,0.0000,0.0001,-15.7959,0.3750,1.5052,797.0528,0.0001,0.0000,0.0050,-31.6141,0.4900,0.3637,17.9654,0.6164,11.5307,2.1005,0.0795,7.7077,7.1433
262,Slide Fiddle,Lead,92,macros that barely change the sound (macro 2 (GLIDE)),0.4676,0.0000,0.0003,-14.0858,0.1383,0.2969,2172.5218,0.0001,0.0002,0.2100,-1.1555,0.9200,0.0194,4.1717,-0.0600,3.4429,4.1573,0.2363,1.5484,9.6503
272,Panned Engine Sweep,Pad,92,static (no movement over a held note) (movement 0.010),0.6003,0.0000,0.0000,-14.5107,0.0413,0.0245,1854.8340,0.0000,0.0016,0.0300,-0.5746,1.2000,0.0098,-2.4861,0.3386,4.4137,7.6515,2.6441,3.5108,5.7712
283,Upright Piano,Keys,92,macros that barely change the sound (macro 2 (PEDAL)),0.8784,0.0000,0.0001,-16.3216,0.2339,1.7208,609.5399,0.0000,0.0000,0.0050,-26.6866,0.2900,0.4021,18.3001,0.5876,12.3919,2.1853,0.0817,8.1636,8.9619
284,Bright Concert Grand,Keys,92,macros that barely change the sound (macro 2 (PEDAL)),0.8404,0.0000,0.0000,-16.5066,0.4498,1.1509,854.0374,0.0005,0.0000,0.0050,-31.6740,1.0850,0.5007,18.1428,0.6489,11.9621,5.6785,0.0887,6.2343,8.0620
326,Vibraphone Plate,Keys,92,"no velocity response (+0.4 dB, -0.07 oct brightness)",0.6183,0.0000,0.0000,-14.4913,0.1491,0.3860,638.6280,0.0000,0.0000,0.0100,-9.2157,11.5000,0.2475,0.3688,-0.0682,8.0360,5.4040,242.8693,3.5172,8.1325
330,FM Struck Body,Keys,92,"no velocity response (+1.2 dB, +0.03 oct brightness)",0.6097,0.0000,0.0001,-14.4820,0.1508,0.4512,625.4673,0.0000,0.0000,0.0100,-18.6604,0.5100,0.6235,1.1540,0.0261,5.3606,7.7713,24.0536,21.0198,7.3791
336,Dual Body Coupling,Keys,92,macros that barely change the sound (macro 1 (COUPLING)),0.8516,0.0000,0.0001,-16.7500,0.5738,0.9178,1006.5024,0.0000,0.0000,0.0150,-25.6958,11.5000,1.0663,75.5527,0.6328,5.4062,0.6178,11.2001,13.5939,10.4079
1,Rip Bass,Bass,94,wide bass (low end not mono) (width under 150 Hz 0.43),0.8189,0.0000,0.0000,-14.4190,0.4908,0.4323,3473.2338,0.7113,0.0031,0.0050,-4.6206,0.1500,0.3974,4.6159,-0.0286,14.1806,4.2652,1.3855,3.9874,17.0110
3,FM Monster,Lead,94,fast notes smear together (2.4 dB between notes),0.4235,0.0000,0.0000,-15.0930,0.3473,0.3358,1740.4255,0.3713,0.0000,0.0050,-3.8652,0.2500,0.3547,3.6851,0.5974,2.4215,20.2021,5.0506,3.2253,1.9214
7,Neuro Wobble,Bass,94,wide bass (low end not mono) (width under 150 Hz 0.55),0.8267,0.0000,0.0001,-12.0432,0.5887,0.5496,458.3784,0.8542,0.0000,0.0450,-5.2467,0.2600,1.2704,2.5955,0.4228,7.8497,11.6913,1.7125,13.0523,4.1578
8,Scream Wobble,Lead,94,harsh top end (2.3 % above 8 kHz (category median 0.0 %)),0.6107,0.0000,0.0003,-15.1662,0.4418,0.5170,4279.5694,0.0120,0.0233,0.3500,-1.4297,0.9650,1.2534,0.8581,0.1523,4.5942,20.8685,10.0483,6.1639,9.6376
12,Reese Ripper,Bass,94,wide bass (low end not mono) (width under 150 Hz 0.57),0.4578,0.0000,0.0000,-13.7957,0.6400,0.5664,1773.6793,0.7783,0.0002,0.0150,-1.8826,0.5000,0.2457,0.9086,0.1715,4.0826,2.1348,1.5274,1.9489,6.2736
19,Tape Reese,Bass,94,wide bass (low end not mono) (width under 150 Hz 0.54),0.5111,0.0000,0.0002,-13.4062,0.5627,0.5378,1145.5691,0.3052,0.0000,0.2850,-9.8268,0.3550,0.5466,0.7259,0.1754,4.2290,5.5423,2.1981,2.3388,6.8568
20,Resonator Bass,Bass,94,wide bass (low end not mono) (width under 150 Hz 0.50),0.6421,0.0000,0.0000,-14.7340,0.5237,0.4973,2382.2912,0.5760,0.0011,0.1050,-10.4351,0.6850,0.3230,1.1495,0.1312,3.2865,3.0696,2.7620,3.7138,4.8857
38,Neon Bass,Bass,94,wide bass (low end not mono) (width under 150 Hz 0.66),0.4281,0.0000,0.0000,-14.3219,0.7812,0.6604,677.7179,0.8057,0.0000,0.0150,-1.3613,0.2250,0.3243,1.5811,0.3255,8.2528,8.6630,1.9468,2.4304,1.3751
44,S&H Techno,Lead,94,fast notes smear together (2.6 dB between notes),0.5108,0.0000,0.0000,-14.7082,0.6262,0.5196,2737.0041,0.0213,0.0005,0.0050,-4.1705,0.3250,1.1676,0.9267,0.3692,2.5877,6.8702,3.1302,2.3948,8.1134
45,Morph Pad,Pad,94,harsh top end (8.9 % above 8 kHz (category median 0.0 %)),0.7896,0.0000,0.0000,-15.5571,0.5225,0.5261,5543.8259,0.0000,0.0895,2.6150,-9.4246,1.2000,0.4640,21.7555,-1.3309,1.8205,45.2571,16.4526,23.8240,30.2713
54,Sub Tone 808,Bass,94,fast notes smear together (2.9 dB between notes),0.3935,0.0000,0.0000,-13.2040,0.0000,0.0000,84.7886,0.9884,0.0000,0.0000,-14.1705,0.4000,0.4122,1.7238,0.0075,2.8710,5.8999,389.1522,20.0537,12.0819
57,Vowel Lead,Lead,94,fast notes smear together (2.9 dB between notes),0.4008,0.0000,0.0000,-15.0393,0.2598,0.0872,4017.6340,0.4717,0.0033,0.0050,-1.1059,0.3550,0.1047,1.7391,0.1657,2.9195,2.3825,4.4151,8.7126,2.9843
59,Granular Pad,Pad,94,harsh top end (2.0 % above 8 kHz (category median 0.0 %)),0.6718,0.0000,0.0000,-14.8855,0.2551,0.3624,5804.1897,0.0001,0.0200,1.5700,-2.0874,0.9950,0.4938,4.0603,-0.0266,4.3099,13.2831,7.0771,1.8100,27.8035
60,Odd Octaver,Lead,94,fast notes smear together (2.8 dB between notes),0.4424,0.0000,0.0000,-14.9483,0.0000,0.0000,1949.5471,0.1346,0.0012,0.0150,-2.3075,0.4150,0.0728,2.3843,0.1134,2.7769,1.8404,11.7563,7.3063,1.1544
83,Hyper Reese,Bass,94,wide bass (low end not mono) (width under 150 Hz 0.51),0.4674,0.0000,0.0000,-14.7335,0.6055,0.5130,364.3895,0.6266,0.0000,1.7150,-2.0410,0.1800,0.4624,2.2872,-0.5577,8.4897,24.1847,8.6397,10.7304,7.4232
94,Warp Wobble,Bass,94,wide bass (low end not mono) (width under 150 Hz 0.23),0.4441,0.0000,0.0000,-12.9229,0.2533,0.2318,342.1684,0.9511,0.0000,0.0250,-6.6149,0.1600,1.0255,1.9271,0.0197,9.4236,9.4431,4.3658,2.9083,3.1378
97,Distorted 808,Bass,94,fast notes smear together (1.1 dB between notes),0.3283,0.0000,0.0000,-14.2479,0.0000,0.0000,244.3957,0.8928,0.0000,0.0100,-13.6383,0.3000,0.4334,1.9331,0.0152,1.1218,11.7242,48.9687,5.4576,4.3850
104,FM Brass Lead,Lead,94,fast notes smear together (2.1 dB between notes),0.6182,0.0000,0.0001,-14.7679,0.1057,0.2235,498.1976,0.0000,0.0000,0.9250,-5.3942,1.1800,0.3632,3.1035,-0.0158,2.0809,11.2165,20.0712,2.9043,6.0060
108,Diode Screamer,Lead,94,fast notes smear together (1.6 dB between notes),0.2988,0.0000,0.0000,-14.6635,0.0000,0.0000,1964.4395,0.0000,0.0001,0.1550,-25.6428,0.2450,1.0525,2.5152,0.2668,1.5770,7.3309,2.6513,3.5372,4.7783
116,Vintage Mono Lead,Lead,94,fast notes smear together (1.7 dB between notes),0.3238,0.0000,0.0001,-14.8755,0.0000,0.0000,492.2144,0.1679,0.0000,0.0150,-2.1124,0.3150,0.2360,1.8547,0.5606,1.7100,13.1166,2.0577,3.5079,1.9747
128,Formant Pluck,Pluck,94,fast notes smear together (2.6 dB between notes),0.5664,0.0000,0.0000,-17.1939,0.0000,0.0000,1343.6816,0.0000,0.0000,0.4950,-30.6511,0.9800,0.9083,2.5541,0.0174,2.6010,10.8054,7.2252,9.0541,8.0596
268,Fifth Engine,Lead,94,fast notes smear together (2.0 dB between notes),0.3975,0.0000,0.0001,-13.7654,0.0000,0.0000,4882.1182,0.0165,0.0079,0.0200,-2.6319,0.3900,0.0634,1.7016,0.0012,1.9687,1.7122,1.5388,6.1282,6.1282
273,Modulated Route Bass,Bass,94,wide bass (low end not mono) (width under 150 Hz 0.85),0.7851,0.0000,0.0000,-13.2842,0.7769,0.8457,392.9232,0.8389,0.0000,0.2400,-2.1423,0.1800,0.2585,0.3707,0.2356,9.7226,6.0922,2.8805,5.5987,14.9104
311,Envelope Warp Pluck,Pluck,94,fast notes smear together (1.7 dB between notes),0.7218,0.0000,0.0000,-17.1589,0.1380,0.2370,2356.5629,0.0000,0.0002,0.0000,-56.8154,0.0000,1.8364,2.5080,0.0038,1.7423,13.8145,17.2169,8.3333,4.9920
312,PD Formant Voice,Lead,94,fast notes smear together (2.3 dB between notes),0.7232,0.0000,0.0001,-14.8631,0.2564,0.1460,4196.3861,0.0002,0.0034,0.8350,-7.5339,1.2650,0.3029,2.4924,-0.0075,2.2614,14.1433,28.4408,3.2840,12.9383
339,Steiner Growl,Bass,94,fast notes smear together (2.8 dB between notes),0.4784,0.0000,0.0005,-13.5686,0.0000,0.0000,546.5871,0.4334,0.0000,0.0150,-0.9872,0.1550,0.0286,2.1854,0.2423,2.7601,5.7644,15.2407,1.9912,1.9746
349,Evolve Macro Pad,Pad,94,harsh top end (27.9 % above 8 kHz (category median 0.0 %)),0.7947,0.0000,0.0004,-14.4221,0.0000,0.0000,5642.3127,0.0000,0.2793,0.8350,-0.3575,0.9000,0.2827,3.6598,0.1662,0.9741,13.1073,10.1258,6.9706,12.2242
71,Resonator Bell,Pluck,95,a little loud (+4.3 dB against its category),0.9031,0.0000,0.0001,-13.1648,0.4772,0.8437,1158.2536,0.0197,0.0000,0.0300,-49.3588,0.2600,1.4142,2.6011,0.0042,4.8841,2.1829,52.8190,38.6670,6.6881
122,Nylon String,Pluck,95,a little quiet (-3.9 dB against its category),0.8328,0.0000,0.0000,-21.3639,0.1338,0.8018,2375.6509,0.0002,0.0002,0.0000,-115.4431,0.0000,1.6865,22.6558,-0.1741,7.9402,20.0911,12.6377,20.9047,15.8498
125,FM Pluck,Pluck,95,much darker than its category (289 Hz),0.6228,0.0000,0.0000,-17.1492,0.1275,0.4996,289.0346,0.0000,0.0000,0.0100,-49.3912,0.2450,1.2222,2.2995,0.0042,7.1203,56.3409,14.3952,33.6695,7.2911
126,Kalimba,Pluck,95,much darker than its category (265 Hz),0.2865,0.0000,0.0000,-17.2240,0.0000,0.0000,265.3351,0.0000,0.0000,0.0000,-164.0130,0.0000,1.5810,2.3057,0.0106,6.4864,94.3130,16.0410,31.3783,16.3589
139,Dark Matter,Pad,95,much darker than its category (504 Hz),0.6911,0.0000,0.0001,-14.5293,0.4366,0.4297,503.5438,0.0708,0.0000,2.0650,-9.4533,11.5000,0.5309,7.3876,0.2450,5.6271,18.3143,11.1915,13.5357,6.0991
142,Sweep Pad,Pad,95,much darker than its category (277 Hz),0.6252,0.0000,0.0000,-14.6107,0.6343,0.7802,277.4916,0.0000,0.0000,2.8900,-16.3493,11.5000,1.1838,41.4541,0.0125,8.1009,40.3622,25.3631,3.5511,12.6238
150,Warm Clav,Keys,95,much brighter than its category (2600 Hz),0.8830,0.0000,0.0001,-17.3295,0.0000,0.0000,2599.8070,0.0000,0.0019,0.0450,-9.5566,0.0800,0.1943,4.3952,0.0861,4.1270,18.7082,3.8558,5.5374,5.5534
151,Toy Piano,Keys,95,much brighter than its category (5590 Hz),0.7562,0.0000,0.0000,-14.3977,0.0000,0.0000,5589.5930,0.0005,0.0052,0.0100,-135.5092,0.0000,4.0751,1.6527,-0.0463,2.9309,3.4878,9.1336,26.5364,26.9200
187,Wurli Drive,Keys,95,much brighter than its category (2332 Hz),0.8658,0.0000,0.0001,-14.3375,0.0000,0.0000,2331.6571,0.0000,0.0001,0.0150,-11.3977,0.4000,0.3579,2.1345,0.1696,2.1857,8.5674,7.9016,4.6605,6.2815
198,Sitar Pluck,Pluck,95,a little quiet (-4.1 dB against its category),0.8646,0.0000,0.0000,-21.5223,0.1953,0.8665,3178.0854,0.0001,0.0008,0.0000,-98.2492,0.0000,1.7764,18.5360,-0.1631,7.9836,7.6702,14.2947,14.0926,17.3162
210,Stretched Glass Keys,Keys,95,much brighter than its category (2422 Hz),0.6906,0.0000,0.0001,-14.4770,0.0347,0.0754,2421.7276,0.0000,0.0003,0.1500,-9.3271,11.5000,0.4691,4.4253,0.0693,2.7255,10.3511,1.0900,3.8049,12.6772
217,Vinyl Dust Keys,Keys,95,much brighter than its category (4331 Hz),0.7465,0.0000,0.0000,-15.2136,0.0427,0.2357,4331.1330,0.0000,0.0043,0.0200,-10.8403,0.6050,0.2588,4.4478,0.0212,4.1421,4.7997,10.6905,4.5897,5.0235
232,FM Kalimba,Pluck,95,much darker than its category (275 Hz),0.5575,0.0000,0.0000,-17.1923,0.1418,0.5477,275.0705,0.0000,0.0000,0.0100,-64.8715,0.0000,2.0172,4.3810,0.0053,8.3234,62.2654,13.0907,26.1248,5.8092
245,Wood Bar Hybrid,Pluck,95,much darker than its category (280 Hz),0.6933,0.0000,0.0000,-16.7735,0.3849,0.1191,279.9869,0.0000,0.0000,0.0000,-70.3121,0.0000,1.8140,45.4847,-2.8041,7.0607,286.3649,85.8844,6.3680,66.8490
248,Glass Shell Hybrid,Pluck,95,much darker than its category (281 Hz),0.6601,0.0000,0.0000,-17.0652,0.5157,0.1698,281.3905,0.0000,0.0000,0.0000,-50.1883,0.1300,1.1932,44.9243,-2.6554,6.4175,280.4016,102.2336,78.4051,158.9819
263,Muted Cello Pizz,Pluck,95,a little quiet (-5.7 dB against its category),0.8361,0.0000,0.0000,-23.0726,0.2983,0.3980,2164.6795,0.0044,0.0001,0.0050,-36.7135,0.7700,1.4825,19.7464,-0.3262,9.6034,7.1530,28.3326,10.1676,17.5342
286,Detuned Saloon,Keys,95,a little quiet (-4.8 dB against its category),0.8822,0.0000,0.0000,-19.5367,0.3154,2.0061,1098.5902,0.0000,0.0000,0.0000,-34.7621,0.1900,0.6354,18.4548,0.8288,14.3962,14.9689,7.1508,11.0807,7.8641
290,Dense Board Piano,Keys,95,a little quiet (-4.2 dB against its category),0.7292,0.0000,0.0000,-18.8721,0.2809,0.4522,723.3333,0.0007,0.0000,0.0000,-24.7430,11.5000,0.4920,18.3429,0.6330,9.7441,4.5563,1.5203,1.0837,12.4778
301,Three Carrier Choir,Pad,95,much darker than its category (353 Hz),0.5382,0.0000,0.0000,-14.4859,0.0000,0.0000,353.3397,0.0000,0.0000,0.8450,-10.3947,11.5000,0.5854,0.0737,0.0244,9.9037,17.8573,6.8719,4.8518,7.4137
333,Deep FM Bell Body,Pad,95,"thin for a pad (instant attack, narrow) (attack 5 ms, width 0.00)",0.6082,0.0000,0.0000,-14.5459,0.0038,0.0134,1191.0560,0.0003,0.0000,0.0050,-4.0588,11.5000,0.1047,0.5516,0.3530,4.6274,4.9117,23.1399,6.1091,22.7436
334,Struck Board Pad,Pad,95,"thin for a pad (instant attack, narrow) (attack 15 ms, width 0.14)",0.6041,0.0000,0.0003,-14.6176,0.1424,0.3971,1029.9206,0.0000,0.0000,0.0150,-0.5355,11.5000,0.0314,1.3893,0.1275,4.6070,2.0187,15.8037,6.8058,4.7036
358,Reversed Piano Wash,Pad,95,a little quiet (-3.9 dB against its category),0.8908,0.0000,0.0001,-18.5632,0.8297,0.8248,1104.9965,0.0143,0.0000,0.9950,-12.3109,11.5000,1.5847,29.7080,0.2428,7.3399,7.4894,141.9949,7.6009,1.4960
87,Sync Stab Bass,Bass,97,very long tail (11.5 s to -60 dB after note-off),0.4544,0.0000,0.0000,-14.6753,0.0000,0.0000,1974.9027,0.2434,0.0005,0.0050,-1.7091,11.5000,0.0691,2.1106,0.2026,3.8350,10.0022,3.7697,5.8988,5.3238
100,Supersaw Anthem,Lead,97,very long tail (11.5 s to -60 dB after note-off),0.6938,0.0000,0.0000,-15.2875,0.5199,0.7544,1819.3206,0.0000,0.0000,0.6700,-5.1418,11.5000,0.4956,3.3376,0.1588,3.9251,11.1448,4.3470,6.4050,5.4952
102,Self-Osc Whistle,Lead,97,very long tail (11.5 s to -60 dB after note-off),0.6546,0.0000,0.0000,-13.6850,0.3113,0.2869,912.3113,0.0001,0.0000,1.3400,-2.7966,11.5000,0.1186,2.2254,0.0593,3.5466,27.0823,14.2435,6.8570,5.3057
105,Hollow Pulse Lead,Lead,97,very long tail (11.5 s to -60 dB after note-off),0.6389,0.0000,0.0008,-15.0233,0.0000,0.0000,4092.5632,0.0000,0.0082,0.1050,-4.0720,11.5000,0.1908,1.9541,0.1953,4.8315,6.8794,1.9931,2.9008,1.5840
106,Talkbox Lead,Lead,97,very long tail (11.5 s to -60 dB after note-off),0.5185,0.0000,0.0001,-15.0511,0.4090,1.5982,1729.7363,0.0000,0.0001,0.3650,-6.7274,11.5000,0.6306,1.5954,0.0272,4.3776,1.5590,14.8224,1.6788,4.8340
111,Ring Lead,Lead,97,very long tail (11.5 s to -60 dB after note-off),0.6995,0.0000,0.0001,-13.8454,0.1622,0.7604,2032.2023,0.0000,0.0004,0.0100,-12.6311,11.5000,0.2521,2.1766,0.1998,4.5083,23.9939,5.5055,15.2249,3.3891
112,Fifth Stack Lead,Lead,97,very long tail (11.5 s to -60 dB after note-off),0.5112,0.0000,0.0000,-14.2130,0.2775,0.4544,2212.6852,0.0009,0.0002,0.6650,-2.1706,11.5000,0.2773,2.9292,0.1271,3.4849,3.6726,4.1037,4.8335,28.8617
114,Acid Squelch Lead,Lead,97,very long tail (11.5 s to -60 dB after note-off),0.3587,0.0000,0.0004,-14.0706,0.0000,0.0000,584.2516,0.0000,0.0000,0.0000,-1.3375,11.5000,0.1232,2.2808,0.4728,4.6350,9.3530,5.8269,3.7331,5.6894
115,Stereo Bend Lead,Lead,97,very long tail (11.5 s to -60 dB after note-off),0.5248,0.0000,0.0002,-13.6313,0.2597,0.6103,920.7337,0.0000,0.0000,0.6050,-1.5195,11.5000,0.5475,1.8490,0.1413,5.4608,6.5870,3.5870,3.6274,12.1706
118,Pan Flute,Lead,97,very long tail (11.5 s to -60 dB after note-off),0.6177,0.0000,0.0001,-13.7678,0.3528,0.4230,1821.7547,0.0000,0.0000,0.2950,-3.6282,11.5000,0.2227,2.5403,-0.0145,5.3120,8.2880,4.5919,6.3035,6.3877
211,Formant Shifter,Lead,97,very long tail (11.5 s to -60 dB after note-off),0.7354,0.0000,0.0000,-15.5581,0.3218,2.4076,3633.7950,0.0000,0.0033,0.4750,-4.8344,11.5000,0.1679,2.7261,0.1192,3.2378,8.1195,3.2296,8.0804,9.1463
218,Frozen Grain Lead,Lead,97,very long tail (11.5 s to -60 dB after note-off),0.7053,0.0000,0.0001,-14.3007,0.1867,0.3647,1599.6152,0.0000,0.0000,0.1550,-3.3599,11.5000,0.1444,2.3643,0.0111,5.6919,13.0879,7.5808,2.1838,30.4739
219,Lorenz Bass,Bass,97,very long tail (11.5 s to -60 dB after note-off),0.4234,0.0000,0.0000,-14.3159,0.0280,0.0030,444.6579,0.7008,0.0000,0.9000,-2.5344,11.5000,0.3145,2.2794,-0.0273,3.3331,4.5340,5.5841,6.1796,10.8279
249,Supersaw Bell Body,Lead,97,very long tail (11.5 s to -60 dB after note-off),0.7503,0.0000,0.0001,-13.8453,0.7928,1.2400,3518.7727,0.0000,0.0017,1.1250,-16.1035,11.5000,0.9562,11.1554,-0.3958,6.2747,353.5541,107.2824,5.9433,4.8607
302,One Drives Three,Lead,97,very long tail (11.5 s to -60 dB after note-off),0.5415,0.0000,0.0000,-15.0780,0.1282,0.4188,578.0210,0.0000,0.0000,0.0100,-0.5852,11.5000,0.5175,2.1135,0.0013,5.6783,8.2110,8.9322,7.2287,4.0745
341,Talking Filter Lead,Lead,97,very long tail (11.5 s to -60 dB after note-off),0.6429,0.0000,0.0000,-13.8587,0.0000,0.0000,988.4147,0.0000,0.0000,0.0400,-1.2100,11.5000,0.5048,2.1264,0.0240,4.4082,10.3197,7.1064,6.0415,2.0312
359,Frozen Feedback Table,Lead,97,very long tail (11.5 s to -60 dB after note-off),0.6403,0.0000,0.0003,-13.5310,0.0000,0.0000,2753.9909,0.0000,0.0007,1.6650,-2.3343,11.5000,0.5320,10.3255,-0.6728,6.5990,17.6899,12.9696,12.9657,3.7586
4,Hard Sync Stab,Lead,100,,0.9216,0.0000,0.0000,-17.6462,0.4437,0.5151,3290.5003,0.0720,0.0056,0.0200,-96.0527,0.0000,1.9509,2.4445,0.1378,16.0047,14.5511,11.1261,7.8668,8.2553
6,Comb Pluck,Pluck,100,,0.9039,0.0000,0.0000,-18.5004,0.0000,0.0000,2166.4561,0.1252,0.0007,0.0050,-124.9912,0.0000,1.9649,2.4630,0.1671,6.3568,4.5116,3.7168,15.6079,4.2890
9,Metal Pad,Pad,100,,0.7437,0.0000,0.0000,-15.1249,0.0318,0.0107,3253.1329,0.1015,0.0026,0.7050,-3.1893,0.6000,0.2363,0.2843,-0.0157,2.6159,1.0869,10.1418,13.7497,11.1529
13,Acid Stab,Bass,100,,0.5832,0.0000,0.0000,-13.8205,0.0000,0.0000,1136.1676,0.8424,0.0000,0.1250,-120.6609,0.0000,2.2206,1.1820,1.0632,7.0217,9.2539,1.7187,2.1123,3.5200
14,Virus Hypersaw,Lead,100,,0.6746,0.0000,0.0000,-14.8373,0.4856,0.2040,3660.6947,0.1281,0.0050,1.6350,-9.9080,1.4500,0.4499,3.3119,0.0675,3.9596,14.9729,2.4510,10.9375,9.5177
15,Virus Pluck,Pluck,100,,0.7436,0.0000,0.0000,-18.9326,0.1791,0.1857,3474.1253,0.4968,0.0070,0.0050,-22.1130,0.7050,0.4056,7.0573,0.1899,5.5000,10.1750,7.8389,17.3881,12.2491
16,KS Bell,Pluck,100,,0.7048,0.0000,0.0000,-17.8891,0.3739,0.5646,2979.2105,0.5593,0.0025,0.0050,-55.1488,0.0000,1.8252,7.0601,0.1486,6.3045,10.3927,6.1073,19.8152,11.2473
17,Virus Pad,Pad,100,,0.7511,0.0000,0.0001,-15.2843,0.5049,0.0312,2514.3529,0.1836,0.0013,0.2000,-6.0488,0.8000,0.3100,3.9857,0.0454,5.9928,3.8204,8.9115,17.3450,5.5780
21,FM Growl,Bass,100,,0.5947,0.0000,0.0001,-14.6492,0.0000,0.0000,1262.2514,0.7964,0.0000,0.0200,-5.5731,0.2650,0.2094,1.5168,0.3754,6.6446,16.1318,7.0562,8.1543,4.5586
24,Glitch Lead,Lead,100,,0.7526,0.0000,0.0001,-14.0089,0.4397,0.4354,3600.7098,0.4299,0.0058,0.0600,-12.1302,1.0450,0.1842,2.5964,-0.0279,5.5282,2.5544,7.0370,4.5677,1.5956
26,Tap Pluck,Pluck,100,,0.6874,0.0000,0.0000,-19.4638,0.0000,0.0000,2824.6896,0.1081,0.0059,0.0050,-19.2415,0.2500,0.1884,2.6445,-0.0281,5.3315,13.1033,7.7285,13.6938,2.3552
27,Freeze Pad,Pad,100,,0.6045,0.0000,0.0001,-16.1666,0.4988,0.4951,740.7327,0.0828,0.0000,1.9300,-7.1963,11.5000,0.6472,4.2655,0.1594,5.4264,31.1459,1.0450,12.9873,8.4522
28,Chord Pad,Pad,100,,0.8058,0.0000,0.0000,-14.7380,0.4553,0.2630,2280.8752,0.0714,0.0006,0.0150,-14.0626,0.5050,0.3238,8.7046,0.1323,5.0230,4.2666,4.4946,15.0676,7.0270
29,MSEG Sweep,Pad,100,,0.6105,0.0000,0.0001,-14.5948,0.5836,0.1475,1834.8350,0.0154,0.0001,0.1800,-2.3887,1.2850,0.6056,2.4591,0.6134,6.4371,5.4274,2.1223,5.8268,2.9168
32,Clock Weirdo,Lead,100,,0.7094,0.0000,0.0000,-14.5443,0.4577,0.2733,2075.5619,0.0942,0.0002,0.3100,-5.9954,1.0500,0.8167,1.7975,-0.0728,5.2495,5.2428,6.4414,8.5722,7.9377
33,KS Marimba,Pluck,100,,0.8580,0.0000,0.0000,-19.3100,0.0000,0.0000,1855.6095,0.4611,0.0008,0.0050,-167.4242,0.0000,3.2158,18.8431,0.0882,8.2841,10.4498,9.4404,21.2756,10.6548
34,Step Sequence,Lead,100,,0.5389,0.0000,0.0001,-14.8560,0.5984,0.3823,2560.4975,0.0341,0.0008,0.2200,-3.2547,0.8300,0.7339,1.2459,0.1242,6.0323,6.1759,2.0774,2.4534,2.1375
35,Chord Stab,Pluck,100,,0.2928,0.0000,0.0000,-17.0640,0.4308,0.2239,1262.9637,0.0643,0.0000,0.1250,-109.5107,0.0000,2.0227,1.8923,0.4424,5.1667,10.3852,3.9649,6.9368,7.5426
39,Glass Keys,Pluck,100,,0.7821,0.0000,0.0000,-17.4075,0.7304,0.2340,2378.8006,0.0062,0.0004,0.0050,-15.8926,0.5950,0.5380,6.6920,-0.0819,4.2901,8.6120,12.5047,15.1986,9.5975
41,Tape Choir,Pad,100,,0.4087,0.0000,0.0001,-14.5917,0.5242,0.7540,2442.3146,0.0065,0.0001,0.5200,-5.9080,1.2050,0.2526,4.7660,-0.0258,4.4235,2.5107,10.2949,11.8070,4.5326
43,Hyper Pluck,Pluck,100,,0.7863,0.0000,0.0000,-17.2504,0.1737,0.3273,3635.7992,0.3634,0.0035,0.0050,-86.3058,0.0000,2.4287,3.1539,0.0074,5.4776,3.0971,3.9041,8.1482,13.0936
46,Rust Bass,Bass,100,,0.6946,0.0000,0.0001,-13.1153,0.3530,0.1181,1568.3965,0.2003,0.0001,0.2300,-6.6750,0.2700,0.2994,1.7982,0.0035,3.8819,7.7036,7.2731,3.8232,6.4277
47,Glass Bell,Pluck,100,,0.6008,0.0000,0.0000,-17.7001,0.3911,0.5449,2414.6434,0.2299,0.0005,0.0100,-52.9742,0.1500,1.5613,11.3020,0.1906,4.2503,10.0339,7.1948,23.6591,14.1272
48,Warp Stab,Lead,100,,0.8655,0.0000,0.0000,-14.7495,0.4498,0.0881,4287.5823,0.0520,0.0097,0.0400,-15.1557,0.8500,0.3107,1.7305,0.1916,5.1234,13.9716,9.1275,5.8754,2.9043
52,Metal Keys,Pluck,100,,0.7829,0.0000,0.0000,-18.1478,0.2325,0.0149,2407.5810,0.3906,0.0034,0.0150,-106.4840,0.0000,2.3511,2.5663,0.0014,7.8206,5.4712,13.5190,24.1811,4.6687
53,Vocal Pad,Pad,100,,0.7613,0.0000,0.0000,-14.5294,0.6617,0.5006,1189.3027,0.3122,0.0000,0.3650,-7.5949,11.5000,0.3475,4.7796,-0.0828,3.8155,3.5234,5.6263,16.8380,3.8362
56,Frequency Shift,Lead,100,,0.7921,0.0000,0.0002,-14.8448,0.5361,0.2184,3318.0472,0.1262,0.0087,0.3200,-11.9849,1.4050,0.5980,2.5193,0.1778,10.6260,16.2611,11.4113,15.1362,8.8728
61,Wide Chord Pad,Pad,100,,0.7296,0.0000,0.0000,-15.6722,0.8375,0.8986,4788.2571,0.0379,0.0095,1.0450,-4.4193,11.5000,0.2894,8.4284,0.0572,3.1838,13.8942,2.0243,4.3548,21.4676
62,Minor Chord Stab,Pluck,100,,0.3989,0.0000,0.0000,-17.1720,0.0000,0.0000,1260.7704,0.0869,0.0002,0.0000,-132.4531,0.0000,1.2490,0.5829,0.2652,5.5502,1.4715,2.4494,6.7687,6.6796
63,Ring Bell,Pluck,100,,0.6889,0.0000,0.0000,-16.9032,0.4088,0.6729,2183.5530,0.2475,0.0016,0.0100,-44.2272,0.2350,1.2741,2.4653,0.0766,6.5140,5.3142,11.3057,25.3679,8.5541
66,MPE Glass,Pad,100,,0.7674,0.0000,0.0000,-13.6751,0.4606,0.1982,4079.2354,0.2133,0.0119,0.2650,-11.1194,11.5000,0.3901,5.0659,-0.0934,3.8541,13.1769,5.7568,5.8929,13.9143
68,Formant Scream II,Lead,100,,0.6389,0.0000,0.0000,-13.9228,0.6833,0.3599,5069.2193,0.4758,0.0127,2.0150,-2.5326,0.4150,0.2911,1.7676,0.2444,3.2516,5.1375,4.2907,2.4198,9.0939
70,Tremolo Keys,Pluck,100,,0.8955,0.0000,0.0000,-19.9106,0.5576,0.4056,1641.4880,0.5094,0.0010,0.0200,-65.2577,0.0000,2.2100,0.5102,0.1948,5.9043,5.9464,24.8788,27.1935,7.9294
73,Quad Mod Pluck,Pluck,100,,0.6178,0.0000,0.0001,-16.5026,0.1383,0.1270,4031.8947,0.1765,0.0086,0.0150,-38.8661,0.0550,1.8235,2.5955,-0.0040,4.5117,5.6522,4.4980,4.9981,2.9291
80,Ladder Sub,Bass,100,,0.3889,0.0000,0.0001,-14.3306,0.0000,0.0000,82.7882,0.9874,0.0000,0.0550,-0.9072,0.1400,0.1395,-1.5290,0.2516,9.4099,11.3367,2.7765,1.2996,6.3690
81,Diode Acid,Bass,100,,0.3814,0.0000,0.0000,-15.2932,0.0000,0.0000,5246.7144,0.9162,0.0062,0.0050,-18.8257,1.1700,0.2380,2.3180,-0.0744,9.5006,8.5956,5.8935,3.6067,15.8643
84,Comb Bass,Bass,100,,0.3157,0.0000,0.0000,-14.4553,0.0000,0.0000,681.7197,0.8927,0.0000,0.0450,-4.1738,0.1700,0.1053,2.1653,0.3153,5.3156,5.5970,4.9937,2.5666,7.2432
85,Wavefold Sub,Bass,100,,0.7212,0.0000,0.0000,-13.6914,0.0000,0.0000,344.4974,0.6358,0.0000,0.0150,-173.3854,0.0000,2.0230,2.2616,0.1929,69.0194,12.8726,2.7319,7.0371,35.8273
89,Pluck Sub Bass,Bass,100,,0.6756,0.0000,0.0000,-13.7068,0.0000,0.0000,102.0502,0.9801,0.0000,0.0100,-6.4709,1.0550,0.0836,0.8353,0.1009,9.2359,10.4537,1.1787,3.3966,4.0743
90,Octave Hyper Bass,Bass,100,,0.4747,0.0000,0.0002,-14.5034,0.2437,0.1264,809.5495,0.7904,0.0000,0.1200,-2.9185,0.1200,0.1527,0.4039,0.2821,6.3144,9.9999,1.8511,3.6613,2.4901
91,Rubber Mono,Bass,100,,0.6568,0.0000,0.0003,-15.2180,0.0000,0.0000,399.2431,0.7763,0.0000,0.0300,-7.1899,0.3200,0.1130,-1.3471,0.5552,8.2115,9.3737,15.8086,2.5364,7.6006
92,Ring Bass,Bass,100,,0.3560,0.0000,0.0003,-14.8954,0.0000,0.0000,62.1670,0.9963,0.0000,0.0150,-5.2110,0.2100,0.0818,1.9947,0.0407,11.2830,9.4164,20.0804,6.7856,7.2544
93,Deep House Bass,Bass,100,,0.9774,0.0000,0.0005,-14.3511,0.0000,0.0000,138.5881,0.8259,0.0000,0.0100,-5.8846,0.2100,0.1873,2.4631,0.2063,6.9534,8.2446,1.6279,3.0454,2.5374
96,Tape Sub,Bass,100,,0.2912,0.0000,0.0000,-14.6758,0.0000,0.0000,2436.0580,0.9880,0.0002,0.0100,-4.1458,0.2950,0.0979,1.8949,-0.0990,3.8673,5.0274,13.7138,1.0394,7.2460
98,Dark Ladder Pluck Bass,Bass,100,,0.7841,0.0000,0.0002,-13.6992,0.0000,0.0000,121.9641,0.9187,0.0000,0.1550,-11.6816,0.1100,0.3031,2.2433,0.1344,13.0500,12.5061,2.6962,4.7027,3.2345
99,Per-Voice Wobble,Bass,100,,0.3606,0.0000,0.0005,-13.6007,0.0000,0.0000,103.3538,0.9741,0.0000,0.0150,-4.9339,0.1250,0.2937,1.3812,0.1149,7.1994,3.7079,3.3158,7.8404,6.3714
110,Soft Saw Lead,Lead,100,,0.3703,0.0000,0.0001,-15.2207,0.4290,0.8366,4661.3304,0.0473,0.0052,0.0300,-6.4397,0.4000,0.2740,1.5660,-0.0326,3.0264,12.0646,5.5594,14.7841,12.1543
119,Ladder Pluck,Pluck,100,,0.7608,0.0000,0.0000,-17.1742,0.0000,0.0000,541.8858,0.0000,0.0000,0.0150,-166.0416,0.0000,2.6770,2.4148,0.4483,5.1672,18.7690,19.1699,2.9477,25.0434
120,Hypersaw Pluck,Pluck,100,,0.7196,0.0000,0.0000,-18.6499,0.7325,1.1542,779.1067,0.0000,0.0000,0.2050,-36.7012,0.4900,1.2270,2.0977,0.5315,7.7164,21.0576,22.7279,7.0637,2.5618
121,Comb Harp,Pluck,100,,0.4596,0.0000,0.0000,-16.7874,0.0000,0.0000,1504.8845,0.0000,0.0000,0.0800,-21.4658,0.7700,0.6707,2.3489,0.0235,5.9034,5.2434,4.9680,10.6350,5.1358
123,Pizzicato,Pluck,100,,0.7665,0.0000,0.0000,-19.6668,0.0000,0.0000,1370.8459,0.0000,0.0000,0.0000,-124.0406,0.0000,2.6350,6.7579,1.1087,5.0588,19.2898,15.0712,8.4003,29.1636
124,Diode Blip,Pluck,100,,0.8653,0.0000,0.0001,-18.3071,0.0000,0.0000,950.5863,0.0000,0.0000,0.0000,-166.9904,0.0000,2.4536,0.0506,0.6423,36.7896,18.4969,11.0283,5.8479,29.3470
127,Warp Pluck,Pluck,100,,0.7526,0.0000,0.0001,-18.3694,0.0000,0.0000,551.9353,0.0000,0.0000,0.3350,-50.2590,0.1300,1.4591,2.0894,0.1967,3.2465,2.9697,5.2618,12.5726,8.8190
130,Glass Mallet,Pluck,100,,0.6293,0.0000,0.0000,-17.2154,0.0000,0.0000,2214.8128,0.0000,0.0001,0.0050,-52.0770,0.0600,1.3970,2.7019,0.0360,3.4167,8.9173,4.7957,14.2953,4.4908
131,Resonant Drop,Pluck,100,,0.9255,0.0000,0.0001,-18.3286,0.3867,0.6233,2104.3936,0.2304,0.0003,0.0050,-47.9922,0.2200,1.5525,0.0166,0.5179,5.3869,16.7989,15.2918,31.5769,4.4757
132,Plucked Bell Stack,Pluck,100,,0.5150,0.0000,0.0000,-17.1166,0.0247,0.1735,1129.9372,0.0000,0.0000,0.0050,-42.2023,1.2450,1.4161,2.4042,0.0336,3.1082,17.3472,4.5894,11.6208,12.3139
133,Warm Analog Pad,Pad,100,,0.6349,0.0000,0.0000,-14.5911,0.4429,0.4508,1199.4792,0.2039,0.0000,0.7850,-4.4591,0.8950,0.7018,4.8456,-0.1532,3.8041,14.2139,2.3301,1.5261,12.4143
134,Vowel Pad,Pad,100,,0.7722,0.0000,0.0003,-14.6776,0.4515,0.6095,2148.2920,0.1714,0.0002,1.8900,-6.1636,11.5000,0.6202,5.7863,-0.0360,5.3916,3.6862,1.6686,9.1796,36.3738
135,Hypersaw Pad,Pad,100,,0.7288,0.0000,0.0000,-14.5572,0.7063,0.9897,4749.8705,0.0000,0.0139,0.8000,-0.9071,0.6000,0.3252,0.5506,0.0254,4.0029,21.4018,13.8157,1.5032,4.8065
136,Comb Choir,Pad,100,,0.5489,0.0000,0.0000,-14.5006,0.0518,0.0623,2294.6500,0.7663,0.0002,1.0900,-11.4027,0.4000,0.5670,0.0219,0.2326,4.5448,5.3942,5.0909,9.2132,17.4691
137,Curve Motion Pad,Pad,100,,0.8052,0.0000,0.0000,-16.0517,0.4737,0.6905,2307.1023,0.0000,0.0015,1.1200,-15.8830,11.5000,0.7619,6.5523,-0.2434,2.9147,23.0461,11.3605,1.8278,2.0587
138,Morphing Strings,Pad,100,,0.9215,0.0000,0.0004,-14.3248,0.3323,0.2759,1760.1791,0.0403,0.0001,2.0550,-10.4734,11.5000,0.6001,4.5875,0.4131,4.2287,7.1838,13.4348,17.9721,6.9177
140,Per-Voice Drift Pad,Pad,100,,0.7858,0.0000,0.0000,-14.9925,0.5225,0.9121,3325.9320,0.0000,0.0010,0.7650,-3.7357,1.0000,0.4886,3.0127,0.0512,2.6604,11.9183,7.0052,5.6259,14.8401
141,Shimmer Glass Pad,Pad,100,,0.6817,0.0000,0.0000,-14.6555,0.2332,0.4894,2693.9261,0.0000,0.0006,0.8650,-2.7618,11.5000,0.4689,11.2988,0.2767,2.2968,7.6361,8.7587,17.5216,13.7355
143,Octave Stack Pad,Pad,100,,0.7499,0.0000,0.0001,-14.4986,0.4104,0.8401,611.8731,0.0000,0.0000,0.9600,-3.5032,11.5000,0.4639,2.6676,-0.0690,4.3462,2.6325,20.9400,8.4700,3.3440
144,Pulse Width Pad,Pad,100,,0.7406,0.0000,0.0002,-14.5713,0.5547,0.5913,631.3823,0.5696,0.0000,1.4600,-2.4268,0.7050,0.3482,-1.8454,0.2494,4.8800,11.4671,5.8332,4.6528,4.9647
145,Breathing Pad,Pad,100,,0.8437,0.0000,0.0000,-15.3511,0.5045,0.3137,2197.5012,0.0004,0.0000,1.0900,-17.6751,11.5000,1.0949,14.3884,1.4155,4.4017,17.3591,8.1426,9.4435,4.0147
146,Routed Duo Pad,Pad,100,,0.7084,0.0000,0.0001,-14.5484,0.0000,0.0000,3762.7616,0.0000,0.0019,1.7500,-8.7971,1.0050,0.4074,5.2252,-0.2141,3.5378,10.4338,3.1814,7.1954,11.1706
147,Tape Strings,Pad,100,,0.7124,0.0000,0.0002,-17.5176,0.1686,0.2383,3212.2395,0.0000,0.0018,0.8150,-4.4504,0.9950,0.4758,3.8486,-0.0043,5.1151,14.1935,10.1569,1.8318,8.1274
148,FM E-Piano,Keys,100,,0.6413,0.0000,0.0000,-14.6809,0.1002,0.2477,373.5012,0.0000,0.0000,0.0100,-12.6783,0.6650,0.3531,4.4115,-0.0928,6.6219,48.4370,5.2139,4.4563,8.1166
149,Ladder Organ,Keys,100,,0.3622,0.0000,0.0001,-14.4095,0.0000,0.0000,669.5829,0.0000,0.0000,0.0050,-1.5328,0.1600,0.0517,2.1309,0.0405,3.5168,5.4568,3.0378,17.4222,17.2778
152,Mellow Rhodes,Keys,100,,0.6775,0.0000,0.0003,-14.4111,0.0995,0.2574,395.2748,0.0000,0.0000,0.0100,-8.6745,0.9750,0.2731,3.2131,0.2187,5.0872,5.3283,5.2388,4.6099,6.1532
153,Digital Bell Keys,Keys,100,,0.7921,0.0000,0.0001,-14.9163,0.0000,0.0000,443.1249,0.0000,0.0000,0.0150,-19.1226,1.2800,0.5956,3.2269,0.0318,4.6222,4.9215,5.3628,8.1542,2.5448
155,Vibraphone,Keys,100,,0.6597,0.0000,0.0001,-14.8508,0.1551,0.5321,706.6150,0.0000,0.0000,0.0100,-11.1098,1.3000,0.6536,1.3722,-0.3766,3.0370,4.5324,9.9711,10.1517,9.4472
188,Celeste,Keys,100,,0.8041,0.0000,0.0001,-14.0289,0.1572,0.3485,801.9692,0.0000,0.0000,0.0100,-40.3454,0.2200,1.1963,2.6279,0.0487,5.6456,7.0850,7.0499,9.9517,4.6419
189,Soft Synth Piano,Keys,100,,0.6553,0.0000,0.0001,-14.4318,0.1562,0.4916,1164.7560,0.0000,0.0000,0.2100,-12.3604,1.4950,0.5322,3.3954,0.4309,3.6390,5.7319,1.6669,4.9832,3.4214
206,Operator Bell,Keys,100,,0.6135,0.0000,0.0000,-14.3385,0.0493,0.1622,363.3642,0.0000,0.0000,0.0000,-12.3596,11.5000,0.3328,4.1189,0.0484,8.1852,63.0828,5.2387,4.0934,33.1642
208,Feedback Choir,Pad,100,,0.7572,0.0000,0.0000,-15.9160,0.5956,0.5585,1105.3007,0.0000,0.0000,2.2200,-7.3892,11.5000,0.6038,7.6464,0.0905,5.3973,15.9945,7.5875,2.4200,5.8557
212,Harmonic Cut Pad,Pad,100,,0.6959,0.0000,0.0000,-14.6494,0.4856,0.7548,1447.0460,0.0000,0.0000,0.7100,-9.8321,0.4050,0.4756,-0.2915,-0.2747,6.6281,12.4306,5.5477,1.7995,3.7775
213,Smeared Organ,Keys,100,,0.7360,0.0000,0.0003,-14.5339,0.1056,0.0908,1794.9990,0.0000,0.0000,0.2100,-1.8833,0.8100,0.1219,3.2335,-0.0209,3.2978,4.0826,4.2452,8.1879,14.3985
214,Shift Bass,Bass,100,,0.4786,0.0000,0.0000,-14.7263,0.0000,0.0000,1069.3519,0.8434,0.0000,0.0150,-7.5854,0.1400,0.3883,-1.9015,0.3790,8.8742,10.4168,2.7898,1.4164,6.7251
215,Grain Choir,Pad,100,,0.8148,0.0000,0.0000,-15.0264,0.7801,1.0200,1399.2098,0.0000,0.0002,0.9250,-10.4668,11.5000,0.3116,7.6152,0.0023,4.9366,7.9111,2.7850,5.7809,1.9782
220,Drunk Tape Keys,Keys,100,,0.6490,0.0000,0.0000,-14.7197,0.0000,0.0000,903.0169,0.0000,0.0000,0.1150,-5.7920,0.5100,0.2519,2.2645,0.2576,4.7127,10.1867,28.9639,10.5444,4.6425
236,Pedal Bloom,Keys,100,,0.7843,0.0000,0.0000,-14.5804,0.4870,1.0346,725.1131,0.0001,0.0000,0.0150,-17.9904,11.5000,0.5695,72.2691,0.5853,7.4216,5.7345,2.5713,2.2621,9.2743
237,Honky Hammers,Keys,100,,0.8515,0.0000,0.0001,-15.4998,0.2896,0.3534,1604.7243,0.0000,0.0000,0.0150,-24.1352,11.5000,0.8062,70.7029,1.2032,5.7567,9.6005,10.2068,7.0358,2.6559
238,Bolted Strings,Keys,100,,0.8225,0.0000,0.0000,-15.8893,0.3176,1.4351,910.9183,0.0000,0.0000,0.0050,-30.5943,0.3400,0.8238,62.1136,1.0951,13.5924,21.8429,3.2832,5.7691,8.0428
239,Bowed Board,Keys,100,,0.6686,0.0000,0.0000,-14.4969,0.5221,0.4768,1880.2014,0.0003,0.0001,0.4250,-6.8808,11.5000,0.5501,4.7703,-0.0517,5.6585,5.7723,11.8261,2.0088,6.1211
240,Osc-Struck Strings,Keys,100,,0.4331,0.0000,0.0000,-14.3889,0.3435,0.6160,660.3500,0.0000,0.0000,0.1350,-18.3700,0.4400,0.8380,11.6954,0.0730,5.2373,5.2162,1.4785,6.4126,1.5334
247,Bell Shell Hybrid,Pluck,100,,0.5692,0.0000,0.0000,-17.2974,0.8609,0.3760,470.4537,0.0000,0.0000,0.0000,-17.9323,0.8050,1.0216,48.2637,-1.8727,7.3808,274.2252,111.3882,16.2941,73.9263
250,Tine Keys,Keys,100,,0.7897,0.0000,0.0003,-14.6577,0.0000,0.0000,442.1447,0.0000,0.0000,0.0100,-6.3541,0.3950,0.3892,19.1325,1.3625,3.6429,12.0590,1.3605,2.8523,2.9261
251,Reed Keys,Keys,100,,0.8167,0.0000,0.0002,-15.6507,0.0000,0.0000,404.4759,0.0000,0.0000,0.0000,-14.7033,0.3750,0.5153,7.9624,0.6063,4.3260,18.1284,3.5731,2.3657,4.6966
258,Cello Section,Pad,100,,0.6613,0.0000,0.0000,-14.6566,0.2941,0.2604,1561.5814,0.1628,0.0000,1.4450,-9.2963,11.5000,0.3088,8.9571,-0.1105,3.3080,5.5378,27.8130,36.2262,7.6444
259,Harp Cascade,Pluck,100,,0.7991,0.0000,0.0000,-17.6749,0.4367,0.9585,3822.9358,0.0007,0.0077,0.0200,-42.4664,0.6450,1.2150,19.2487,-0.2924,6.4202,7.8523,7.4895,9.2904,14.5619
266,String Ensemble Wide,Pad,100,,0.8104,0.0000,0.0001,-15.2720,0.7265,1.0080,1173.1539,0.0000,0.0000,1.3500,-6.4350,11.5000,0.9024,3.8255,-0.2708,3.6830,23.2670,2.9451,1.2457,4.0012
267,Six-Layer Stack,Lead,100,,0.6789,0.0000,0.0001,-13.8180,0.0000,0.0000,1669.1565,0.3785,0.0000,0.0050,-2.0036,0.3500,0.0990,1.9767,0.2743,4.1340,7.4720,3.6877,3.3118,8.8641
269,Route Split Pad,Pad,100,,0.8437,0.0000,0.0002,-15.8901,0.0000,0.0000,3020.4989,0.0000,0.0146,0.0600,-18.6148,1.1800,0.7202,3.8169,0.0485,2.6385,2.5697,14.2833,7.2219,4.4995
271,Layered Sync Choir,Pad,100,,0.8159,0.0000,0.0007,-13.1145,0.0000,0.0000,2809.8252,0.0000,0.0030,1.3300,0.0000,11.5000,0.5947,4.9906,-0.4963,2.6935,8.3750,1.9573,4.7418,4.7035
274,Six-Voice Drift,Pad,100,,0.5250,0.0000,0.0000,-14.5121,0.0000,0.0000,761.2429,0.4360,0.0000,0.8400,-4.2743,1.2100,0.3646,3.2916,0.1248,6.0820,1.1956,7.6532,4.2368,23.0264
275,Lorenz Wash,Pad,100,,0.5864,0.0000,0.0000,-14.5591,0.0255,0.0429,1163.5364,0.0000,0.0001,1.7500,-0.8241,11.5000,0.6002,2.1687,-0.0178,3.5526,2.0990,4.4821,8.7827,45.5104
276,Pendulum Swing Pad,Pad,100,,0.7416,0.0000,0.0001,-14.6068,0.2069,0.5581,1990.4701,0.0000,0.0043,0.8100,-4.4990,1.0000,0.2609,3.3355,0.1052,7.0743,2.0906,5.0809,2.6856,11.3878
277,Spring Bounce Bass,Bass,100,,0.6045,0.0000,0.0000,-14.9725,0.1815,0.1383,384.1894,0.4914,0.0000,0.7650,-6.0504,0.8000,0.7308,3.9598,0.9939,6.6614,6.0575,17.6422,7.9516,7.1897
281,Stick-Slip Growl,Bass,100,,0.6494,0.0000,0.0006,-12.9873,0.0000,0.0000,556.0759,0.8294,0.0000,0.2600,-15.2345,0.1500,1.2373,2.8427,0.0829,6.9752,3.7159,8.6735,4.2321,2.4028
285,Pedal Sustain Bloom,Keys,100,,0.8480,0.0000,0.0001,-15.2854,0.5134,1.0943,799.4353,0.0008,0.0000,0.0050,-29.1343,11.5000,0.5608,18.6496,0.6320,10.8796,11.1994,2.1199,5.8173,9.6831
287,Prepared Piano Bells,Keys,100,,0.8264,0.0000,0.0000,-16.0647,0.7155,1.5884,764.4254,0.0000,0.0000,0.0050,-23.8484,11.5000,0.3377,19.3322,0.6265,8.1947,14.3557,18.9862,6.0959,7.6731
288,Soft Felt Piano,Keys,100,,0.8710,0.0000,0.0001,-15.5905,0.3551,1.5639,658.6258,0.0001,0.0000,0.0050,-30.8715,0.5050,0.4050,19.1551,0.5477,10.6283,7.8821,13.1173,6.6318,7.1797
289,Toy Grand,Keys,100,,0.8124,0.0000,0.0000,-15.5189,0.1013,0.1466,1160.3505,0.0009,0.0000,0.0000,-37.0042,0.6450,0.6630,19.3028,0.3092,9.1667,6.6784,4.4180,1.5659,11.4166
291,Vintage Tine,Keys,100,,0.7980,0.0000,0.0002,-15.1830,0.2095,0.1120,370.0544,0.0000,0.0000,0.0250,-6.4617,0.4000,0.3521,18.3358,1.0566,3.7580,13.9080,4.9894,2.2674,66.2645
292,Bark Rhodes,Keys,100,,0.6293,0.0000,0.0001,-14.4989,0.0000,0.0000,825.9402,0.0000,0.0000,0.0500,-5.6608,0.3950,0.5649,16.0840,2.6087,2.8611,14.6306,1.0443,34.9798,1.3715
293,Growl Reed,Keys,100,,0.4038,0.0000,0.0001,-14.4558,0.0000,0.0000,954.3630,0.0000,0.0000,0.0000,-16.6128,0.3700,0.9291,8.4686,2.4071,4.8968,15.3900,4.1146,22.2001,12.1896
294,Chorused Tine,Keys,100,,0.7852,0.0000,0.0000,-14.4860,0.1315,0.3570,470.1385,0.0000,0.0000,0.0500,-6.3434,0.9550,0.5406,18.4922,1.4030,5.2040,8.9829,10.8535,3.0553,7.7550
295,Distorted Tine Rock,Keys,100,,0.7776,0.0000,0.0002,-15.2825,0.0712,0.0922,722.3035,0.0000,0.0000,0.0150,-6.3770,0.7850,0.5055,18.5431,2.2049,3.3108,6.0334,12.3299,6.2056,6.5768
296,Mellow Reed Bell,Keys,100,,0.8079,0.0000,0.0003,-15.0675,0.4759,0.3804,347.8279,0.0000,0.0000,0.0150,-11.7822,11.5000,0.4331,7.7804,0.3343,6.5145,11.9553,4.1774,1.8958,5.2852
297,DX Stack Bass,Bass,100,,0.4155,0.0000,0.0001,-14.7530,0.0000,0.0000,168.3190,0.9251,0.0000,0.2250,-4.6978,0.8650,0.3708,0.4217,0.1972,5.4188,1.5474,4.3034,25.8262,5.5509
298,DX Bell Pad,Pad,100,,0.7129,0.0000,0.0000,-14.5670,0.2837,0.5200,1532.6743,0.0000,0.0000,0.0100,-5.7987,11.5000,0.2593,4.1743,0.0571,3.9022,7.2301,5.3263,3.0590,7.2301
299,Diamond Growl,Bass,100,,0.4330,0.0000,0.0001,-14.8989,0.0000,0.0000,403.5330,0.7650,0.0000,0.0650,-1.3209,0.2700,0.2114,3.8816,-0.1321,4.8290,26.2835,5.2885,10.0594,6.9709
300,Two Pairs Keys,Keys,100,,0.8291,0.0000,0.0000,-15.2633,0.6823,0.7976,591.7627,0.0000,0.0000,0.0100,-15.3917,0.8200,0.8944,-0.3971,0.2277,4.5441,3.7661,4.8600,3.8000,7.8327
303,DX Keys Classic,Keys,100,,0.5453,0.0000,0.0000,-14.4064,0.0000,0.0000,324.9334,0.0000,0.0000,0.3750,-15.8451,11.5000,0.5108,-0.3437,0.1307,8.9269,17.7351,3.8869,2.2683,1.6964
307,Six-Op Organ,Keys,100,,0.4449,0.0000,0.0001,-14.3589,0.0000,0.0000,763.0560,0.2213,0.0000,0.1800,-2.3419,0.1500,0.1012,2.3705,0.0388,6.2602,6.6674,3.3585,7.0817,33.2786
308,Inharmonic Pluck,Pluck,100,,0.6078,0.0000,0.0000,-17.1675,0.1197,0.2070,484.7339,0.2327,0.0000,0.0150,-41.9085,0.4300,1.2141,2.2846,0.0253,4.7212,8.8230,8.8230,10.7632,3.7101
315,Warp Envelope Pad,Pad,100,,0.7260,0.0000,0.0002,-14.7322,0.4992,0.7085,645.8978,0.0000,0.0000,0.7900,-4.2431,11.5000,1.1046,5.7255,0.0451,6.5842,4.8425,5.4741,1.9374,3.6071
316,PD Growl Bass,Bass,100,,0.7068,0.0000,0.0002,-13.3879,0.0000,0.0000,1410.0562,0.8961,0.0001,0.0150,-5.9133,0.3650,0.4861,2.3052,-0.0997,8.3444,6.8146,9.0150,6.4143,10.6264
325,Marimba Bar Body,Pluck,100,,0.8590,0.0000,0.0001,-20.1736,0.2088,0.9346,1045.3976,0.0003,0.0000,0.0150,-50.7964,0.1600,1.4468,74.7268,-0.0606,7.4359,7.4825,339.6289,7.0424,13.6017
329,Coupled String Body,Pluck,100,,0.8706,0.0000,0.0000,-18.4972,0.8111,1.2689,1958.8864,0.0000,0.0001,0.0050,-25.6472,0.8750,1.3072,26.9759,-0.9231,6.3575,8.9431,25.7679,26.9657,25.7352
331,Feedback Body Growl,Lead,100,,0.5164,0.0000,0.0001,-14.0819,0.0712,0.2262,1201.8291,0.0000,0.0000,0.0000,-0.0190,1.0950,0.2949,4.7709,0.6246,5.9251,6.7642,15.9017,1.8097,12.5917
332,West Body Pluck,Pluck,100,,0.8823,0.0000,0.0000,-20.2364,0.1328,0.2485,1212.7678,0.0000,0.0000,0.0100,-63.5832,0.0000,1.3902,48.2513,0.6587,16.4898,35.9118,15.7703,10.7926,7.2558
338,Buchla Bongo Melody,Pluck,100,,0.7871,0.0000,0.0000,-17.5615,0.1934,0.4457,877.8000,0.0003,0.0000,0.0100,-74.3907,0.0000,1.3062,37.9889,1.6639,11.7339,23.9099,11.0287,16.3126,6.5272
340,Vowel Bank Voice,Lead,100,,0.6869,0.0000,0.0002,-14.7144,0.3379,1.0222,1728.3609,0.0000,0.0000,1.5550,-11.0292,0.8350,0.5511,2.4834,-0.0009,4.6980,12.7191,5.6934,4.0296,8.9876
342,Twin Peak Pad,Pad,100,,0.7302,0.0000,0.0004,-14.4913,0.0000,0.0000,1296.8096,0.0000,0.0000,0.7300,-1.9041,11.5000,0.3219,0.3631,0.6523,2.8093,2.9558,10.8431,2.7837,9.6877
344,Comb Morph Pluck,Pluck,100,,0.6198,0.0000,0.0000,-17.1402,0.0935,0.1350,6803.6813,0.0001,0.0085,0.0100,-34.4902,0.6450,1.2295,1.6374,0.0274,6.0521,10.2615,14.9684,7.4650,1.2492
345,Phaser Notch Sweep,Pad,100,,0.6287,0.0000,0.0001,-14.5908,0.4581,0.8936,840.0504,0.0000,0.0000,0.8950,-26.8767,0.9950,1.4444,4.0043,-0.7456,10.1139,16.1134,1.3965,1.6444,2.4250
350,Vector Corner Morph,Pad,100,,0.6401,0.0000,0.0002,-14.8582,0.2492,0.2045,1333.2748,0.1264,0.0001,0.7850,-0.3925,11.5000,0.3014,4.6548,0.0359,4.0789,14.0617,17.7625,14.0265,10.4157
351,Vector Path Drift,Pad,100,,0.8207,0.0000,0.0007,-14.9929,0.0000,0.0000,2334.2354,0.0000,0.0006,0.7450,-0.2796,11.5000,0.2491,4.0127,0.1445,3.2888,11.6478,5.9015,2.3812,4.9721
352,Feedback Distance Growl,Bass,100,,0.6124,0.0000,0.0001,-13.3537,0.0000,0.0000,663.8436,0.9758,0.0000,0.0100,-1.6319,0.3000,0.8890,3.6035,0.9839,7.9233,6.0582,5.2562,5.6286,4.5457
354,Vector Strike Pad,Keys,100,,0.5448,0.0000,0.0001,-14.3323,0.0441,0.0856,2004.1556,0.0000,0.0064,0.4000,-3.1239,11.5000,0.3588,-0.2595,0.5593,6.3035,6.0873,4.2289,1.9162,38.1395
355,Bounced Bell Grains,Pad,100,,0.8257,0.0000,0.0003,-16.4933,0.7187,0.7407,3545.0327,0.0002,0.0086,2.3800,-5.4663,11.5000,0.5429,10.5916,-0.0189,2.2405,51.4642,13.1625,2.0659,6.1089
356,Resampled FM Texture,Pad,100,,0.7655,0.0000,0.0000,-14.4847,0.5018,0.5592,2097.7301,0.0006,0.0001,0.7400,-5.0071,1.0050,0.3229,4.4484,-0.1233,3.9977,12.4281,12.6179,1.9408,14.3794
360,Tabled Cello,Pad,100,,0.7971,0.0000,0.0000,-14.8474,0.4658,0.8418,2933.5656,0.0000,0.0004,0.9350,-11.8697,11.5000,0.5132,2.9203,0.0523,6.9009,7.7440,2.4093,5.8997,15.8779
