index,name,category,home_note,macro1,macro2,macro3,macro4
0,"808er Than 808","Bass",36,,,,
1,"Ancient FM","Bass",36,,,,
2,"Rampage","Bass",36,,,,
3,"Bass 15","Bass",36,,,,
4,"Bass 9","Bass",36,,,,
5,"Moogish","Bass",36,,,,
6,"Disto Bass","Bass",36,,,,
7,"Satu Bass","Bass",36,,,,
8,"Moognt","Bass",36,,,,
9,"Deep Jungler","Bass",36,,,,
10,"Shaped Tri-Saw","Bass",36,,,,
11,"Wobbler","Bass",36,,,,
12,"Cat Bass","Bass",36,,,,
13,"Undulation","Bass",36,,,,
14,"Pulse","Bass",36,,,,
15,"Everybody Needs A 303, Really","Bass",36,,,,
16,"Bass Guitar","Bass",36,,,,
17,"FM Donk","Bass",36,,,,
18,"Waveshaper Bass","Bass",36,,,,
19,"Basted Lead","Bass",36,,,,
20,"Electro Shock","Bass",36,,,,
21,"Odionis","Bass",36,,,,
22,"Strange Frog","Bass",36,,,,
23,"Distort","Bass",36,,,,
24,"POP","Bass",36,,,,
25,"Evil From The Deep","Bass",36,,,,
26,"Useful Bass","Bass",36,,,,
27,"Bass Guitar 6","Bass",36,,,,
28,"Happy Bass 1","Bass",36,,,,
29,"Sub Talk","Bass",36,,,,
30,"Rude Individual","Bass",36,,,,
31,"808 Builder A","Bass",36,,,,
32,"RETRO HAKKOO","Bass",36,,,,
33,"Fizzy","Bass",36,,,,
34,"Shuttle 1","Bass",36,,,,
35,"Deep End","Bass",36,,,,
36,"Evilous","Bass",36,,,,
37,"Helmeto","Bass",36,,,,
38,"Saw Lo-Fi","Bass",36,,,,
39,"Sub 1","Bass",36,,,,
40," Grant Me...","Keys",60,,,,
41,"Gumdrops","Keys",60,,,,
42,"Rotary Blue","Keys",60,,,,
43,"Moonman","Keys",60,,,,
44,"Detuned Vibes","Keys",60,,,,
45,"Forte Piano","Keys",60,,,,
46,"Light EP","Keys",60,,,,
47,"Funny Dub","Keys",60,,,,
48,"Ring Piano","Keys",60,,,,
49,"Blade 2","Keys",60,,,,
50,"Fizzer 5","Keys",60,,,,
51,"Harpsick","Keys",60,,,,
52,"Piano 6","Keys",60,,,,
53,"Thoughts 6","Keys",60,,,,
54,"Arpsychord","Keys",60,,,,
55,"Brass Nostalgia","Keys",60,,,,
56,"FM Swirlscapes","Keys",60,,,,
57,"Lighter Still","Keys",60,,,,
58,"Pluckstring","Keys",60,,,,
59,"Through Open Windows","Keys",60,,,,
60,"FM Square Glassy Boops","Keys",60,,,,
61,"Bread & Butter Synth Brass","Keys",60,,,,
62,"Japanese Suitcase","Keys",60,,,,
63,"The Housewives of Lofi","Keys",60,,,,
64,"Intrication 3","Keys",60,,,,
65,"Acoustic Grand","Keys",60,,,,
66,"Rhody EP","Keys",60,,,,
67,"Alias Piano Pad","Keys",60,,,,
68,"Purple Castle","Keys",60,,,,
69,"Tango 1","Keys",60,,,,
70,"Caspian Sea","Keys",60,,,,
71,"Modern FM Bells","Keys",60,,,,
72,"Destructive Piano","Keys",60,,,,
73,"Sunday Organist","Keys",60,,,,
74,"Understated","Keys",60,,,,
75,"Half Broken Air Piano","Keys",60,,,,
76,"Found In A Closet","Keys",60,,,,
77,"Clavish","Keys",60,,,,
78,"Circus 1","Keys",60,,,,
79,"EP 2","Keys",60,,,,
80,"Hurdy Pardner!","Lead",60,,,,
81,"Trance Lead 2","Lead",60,,,,
82,"Lead 2","Lead",60,,,,
83,"Destroyed 808","Lead",60,,,,
84,"Golden Chord","Lead",60,,,,
85,"Soft Sync","Lead",60,,,,
86,"Crisp Cross","Lead",60,,,,
87,"Squary Sync","Lead",60,,,,
88,"Bellish Lead","Lead",60,,,,
89,"Crackles","Lead",60,,,,
90,"Fizzer 1","Lead",60,,,,
91,"Melodic Line 4","Lead",60,,,,
92,"Subtle Lead","Lead",60,,,,
93,"Lovely Lead","Lead",60,,,,
94,"Stories In One Voice","Lead",60,,,,
95,"Raving In The Tropics","Lead",60,,,,
96,"Unstable","Lead",60,,,,
97,"Screaming Octaves","Lead",60,,,,
98,"Gameboy","Lead",60,,,,
99,"Ghost","Lead",60,,,,
100,"Back To Tyrell","Lead",60,,,,
101,"Delicious Square","Lead",60,,,,
102,"Machining","Lead",60,,,,
103,"Granular Saw","Lead",60,,,,
104,"Current","Lead",60,,,,
105,"Meltdown","Lead",60,,,,
106,"Spacious","Lead",60,,,,
107,"Acidofil","Lead",60,,,,
108,"Butter","Lead",60,,,,
109,"Cray","Lead",60,,,,
110,"Fairy","Lead",60,,,,
111,"Generic","Lead",60,,,,
112,"Kurasu","Lead",60,,,,
113,"Mosquito","Lead",60,,,,
114,"Pet","Lead",60,,,,
115,"Resofest 1","Lead",60,,,,
116,"Screamer","Lead",60,,,,
117,"Sine-Saw Acidish","Lead",60,,,,
118,"Sync Lead","Lead",60,,,,
119,"Turbo Solo","Lead",60,,,,
120,"Alone","Pad",60,,,,
121,"Stars","Pad",60,,,,
122,"Broken","Pad",60,,,,
123,"Film","Pad",60,,,,
124,"King","Pad",60,,,,
125,"Skum Bolero 110 BPM","Pad",60,,,,
126,"Space Station","Pad",60,,,,
127,"Funky Gate","Pad",60,,,,
128,"Ice Cream Sundae","Pad",60,,,,
129,"Wave Complex","Pad",60,,,,
130,"Grains Of Filth","Pad",60,,,,
131,"Slewing Glass","Pad",60,,,,
132,"Fez Pad","Pad",60,,,,
133,"Dark Whisper","Pad",60,,,,
134,"Sci-Fi Church","Pad",60,,,,
135,"Hangars 5","Pad",60,,,,
136,"Thoughts 7","Pad",60,,,,
137,"Bright Drone","Pad",60,,,,
138,"Other X-Fades 1","Pad",60,,,,
139,"String Machine 10","Pad",60,,,,
140,"70s Fizzy String","Pad",60,,,,
141,"Jarre On Cassette","Pad",60,,,,
142,"Smeared Bell Engine","Pad",60,,,,
143,"Jammer AT","Pad",60,,,,
144,"Modulation Galore","Pad",60,,,,
145,"Wandering Digits 3","Pad",60,,,,
146,"Starfall","Pad",60,,,,
147,"Favor","Pad",60,,,,
148,"Super Swell","Pad",60,,,,
149,"Digital Domain","Pad",60,,,,
150,"Bouncing Octaves","Pad",60,,,,
151,"Orion Strings","Pad",60,,,,
152,"Biosphere","Pad",60,,,,
153,"Oncoming","Pad",60,,,,
154,"Chowning","Pad",60,,,,
155,"Formants MW","Pad",60,,,,
156,"MKS-70 Warm Pad","Pad",60,,,,
157,"Pad 5","Pad",60,,,,
158,"Sawteeth","Pad",60,,,,
159,"Sunday","Pad",60,,,,
160,"Cute 1","Pluck",60,,,,
161,"Brass Pluck 1","Pluck",60,,,,
162,"Disto","Pluck",60,,,,
163,"Like Piano","Pluck",60,,,,
164,"Bowed Plucked Pipe","Pluck",60,,,,
165,"Power Chord","Pluck",60,,,,
166,"Banjo Like","Pluck",60,,,,
167,"Bass Sawari","Pluck",60,,,,
168,"Bright String Glide","Pluck",60,,,,
169,"Resonant Body Pizz","Pluck",60,,,,
170,"Harpie","Pluck",60,,,,
171,"Heavenly Abstractness","Pluck",60,,,,
172,"Nanowave 1","Pluck",60,,,,
173,"Feedback Plonk","Pluck",60,,,,
174,"JP80x0 Pluck","Pluck",60,,,,
175,"Trance Pluck","Pluck",60,,,,
176,"Millennium","Pluck",60,,,,
177,"Wooden Glass","Pluck",60,,,,
178,"Boing 1","Pluck",60,,,,
179,"Wall Eye","Pluck",60,,,,
180,"Asymmetry","Pluck",60,,,,
181,"Bite","Pluck",60,,,,
182,"Comb Pluck","Pluck",60,,,,
183,"Delay Pops 2","Pluck",60,,,,
184,"East","Pluck",60,,,,
185,"FM Pluck","Pluck",60,,,,
186,"Friendly","Pluck",60,,,,
187,"Half FM","Pluck",60,,,,
188,"Hybrid 1","Pluck",60,,,,
189,"Light 2","Pluck",60,,,,
190,"Man Machine","Pluck",60,,,,
191,"Mr. Sparkle","Pluck",60,,,,
192,"Nice Pluck 3","Pluck",60,,,,
193,"Piano Remains 1","Pluck",60,,,,
194,"Pulsii","Pluck",60,,,,
195,"Saw Pluck","Pluck",60,,,,
196,"Sinus Verby Pops","Pluck",60,,,,
197,"Square Blinks","Pluck",60,,,,
198,"That Comb Magic","Pluck",60,,,,
199,"Ultra Violet","Pluck",60,,,,
