index,name,category,score,issues,peak,clip_fraction,dc,level_db,width,low_width,centroid_hz,low_fraction,high_fraction,attack_s,sustain_db,release_s,movement,vel_db,vel_bright,line_dip_db,macro1_effect,macro2_effect,macro3_effect,macro4_effect
27,Digital roller,Pluck,43,"macros that barely change the sound (macro 3 (unnamed), 4 (unnamed)); too loud (+10.8 dB against its category); doesn't decay like a pluck (-3.9 dB after 1.8 s); no velocity response (+0.1 dB, -0.00 oct brightness); harsh top end (20.6 % above 8 kHz (category median 0.6 %))",1.0000,0.0002,0.0000,-9.6352,0.0000,0.0000,8466.6470,0.0001,0.2064,0.3750,-3.8913,0.0650,0.2336,0.0509,-0.0012,20.9845,8.6846,4.2386,0.2035,0.0161
13,Swiss Army Knife,Lead,46,"macros that barely change the sound (macro 3 (unnamed), 4 (unnamed)); DC offset (0.030); no velocity response (+0.0 dB, +0.04 oct brightness); fast notes smear together (2.2 dB between notes); harsh top end (5.1 % above 8 kHz (category median 0.3 %)); very long tail (11.5 s to -60 dB after note-off)",0.7886,0.0000,0.0303,-15.4588,0.2732,0.2279,6711.3239,0.0002,0.0506,0.0000,-3.9078,11.5000,0.0431,0.0062,0.0415,2.2229,9.7747,27.9894,0.6412,0.7251
26,Big Stomp,Bass,49,"clips (0.23 % of samples at full scale); macros that barely change the sound (macro 4 (unnamed)); no velocity response (-0.0 dB, +0.00 oct brightness); a little loud (+5.6 dB against its category)",1.0000,0.0023,0.0001,-7.7339,0.2104,0.0626,3353.7078,0.7515,0.0018,0.0000,-1.8880,0.0450,0.2462,-0.0001,0.0000,33.5906,5.5987,5.7633,2.6611,0.0000
12,THUNK,Bass,50,"DC offset (0.028); macros that barely change the sound (macro 2 (unnamed)); no velocity response (-0.0 dB, +0.00 oct brightness); weak low end for a bass (5 % under 150 Hz); harsh top end (2.6 % above 8 kHz (category median 0.1 %)); a little loud (+4.6 dB against its category)",0.6534,0.0000,0.0277,-8.6910,0.0115,0.0015,4534.2768,0.0495,0.0261,0.0750,-1.3501,0.0950,0.3284,-0.0144,0.0012,4.3952,11.7573,0.6505,2.8337,4.0548
40,Remedial Shikari,Pluck,52,DC offset (0.077); too loud (+15.8 dB against its category); doesn't decay like a pluck (-0.3 dB after 1.8 s); fast notes smear together (1.6 dB between notes),0.8387,0.0000,0.0767,-4.6644,0.0311,0.0015,1789.9746,0.3828,0.0002,0.0150,-0.3302,0.0850,0.4937,0.1278,-0.3196,1.5793,5.8497,22.2377,8.1835,31.3100
24,Moog Pluck,Bass,53,"DC offset (0.011); macros that barely change the sound (macro 4 (unnamed)); no velocity response (-0.1 dB, -0.06 oct brightness); wide bass (low end not mono) (width under 150 Hz 0.33); a little loud (+3.2 dB against its category); much darker than its category (134 Hz)",0.6825,0.0000,0.0111,-10.1228,0.3125,0.3264,134.4671,0.9837,0.0000,0.0450,-19.6438,0.3950,0.5730,-0.1296,-0.0557,15.1890,4.6892,1.9221,25.9090,0.7395
0,Banana Wob,Bass,57,"clips (0.18 % of samples at full scale); no velocity response (-0.1 dB, +0.04 oct brightness); a little loud (+5.2 dB against its category)",1.0000,0.0018,0.0005,-8.0905,0.0192,0.0061,1108.2237,0.3392,0.0000,0.0750,-12.8283,0.0850,0.3877,-0.0581,0.0414,40.9795,111.7667,18.1024,24.5459,1.9870
31,FM Mode,Bass,58,too quiet (-11.4 dB against its category); macros that barely change the sound (macro 1 (unnamed)); weak low end for a bass (9 % under 150 Hz); wide bass (low end not mono) (width under 150 Hz 0.22); much darker than its category (41 Hz),0.2036,0.0000,0.0001,-23.9607,0.2568,0.2241,41.4239,0.0941,0.0000,1.8950,-2.2134,1.4700,0.4763,-2.7264,1.8799,13.2671,0.8165,1.0863,2.2279,3.6824
4,Disrupt,Bass,63,"too quiet (-7.3 dB against its category); no velocity response (+0.3 dB, +0.05 oct brightness); weak low end for a bass (4 % under 150 Hz); wide bass (low end not mono) (width under 150 Hz 0.24)",0.8078,0.0000,0.0021,-19.8527,0.1276,0.2433,5802.3090,0.0404,0.0184,0.0000,-11.9794,0.7300,0.1429,0.3200,0.0462,4.3908,11.8177,9.9077,19.2372,42.4201
45,Skew Resandal,Bass,64,DC offset (0.011); too quiet (-7.7 dB against its category); wide bass (low end not mono) (width under 150 Hz 0.48),0.5137,0.0000,0.0110,-20.2743,0.7547,0.4813,1820.1239,0.2365,0.0003,0.0400,-4.7957,0.0150,0.5988,-1.1165,0.6475,85.4300,11.4084,9.4627,9.1258,7.6822
17,Satellites,Keys,65,clips (0.20 % of samples at full scale); a little loud (+3.1 dB against its category),1.0000,0.0020,0.0009,-14.4144,0.8874,0.1499,2735.5445,0.7372,0.0001,0.0000,-20.9272,11.5000,0.4283,4.3754,-0.9729,2.8552,8.7894,5.0947,13.2705,7.9714
29,Complex Electro 1,Pluck,65,"too quiet (-15.6 dB against its category); doesn't decay like a pluck (-0.9 dB after 1.8 s); no velocity response (+0.0 dB, +0.00 oct brightness)",0.0486,0.0000,0.0001,-34.9726,0.3192,0.0309,7411.9321,0.8394,0.0168,0.5150,-0.9063,0.5650,0.6148,0.0356,0.0046,27.2353,16.8999,46.8910,9.2394,4.4136
14,Boot Scre3n,Pluck,66,"doesn't decay like a pluck (-5.1 dB after 1.8 s); no velocity response (+0.0 dB, -0.02 oct brightness); harsh top end (6.7 % above 8 kHz (category median 0.6 %)); a little loud (+4.8 dB against its category); very long tail (11.5 s to -60 dB after note-off)",0.7688,0.0000,0.0001,-15.6667,0.6064,0.7421,6741.6549,0.2064,0.0675,0.1350,-5.1039,11.5000,0.1699,0.0153,-0.0246,5.0577,10.3848,35.5087,32.8303,1.4752
32,Horror of Melbourne 1,Bass,66,"too quiet (-8.1 dB against its category); no velocity response (+0.6 dB, +0.08 oct brightness); weak low end for a bass (11 % under 150 Hz); very long tail (11.5 s to -60 dB after note-off)",0.6239,0.0000,0.0017,-20.6901,0.0984,0.0000,5356.1940,0.1084,0.0153,0.0500,-14.4066,11.5000,2.1435,0.6225,0.0765,23.3116,16.8115,12.7334,6.3140,12.2897
6,Fleet,Pad,70,DC offset (0.162); too loud (+9.6 dB against its category),0.5910,0.0000,0.1620,-12.3606,0.1964,1.0271,5916.9827,0.0269,0.0060,0.0350,-6.2110,11.5000,0.4607,1.3002,0.4931,2.3465,4.4320,12.8177,7.5942,17.9643
39,Real Squarepusher Hours,Pluck,70,too loud (+6.1 dB against its category); doesn't decay like a pluck (-2.8 dB after 1.8 s); very long tail (11.5 s to -60 dB after note-off),0.9444,0.0000,0.0000,-14.3649,0.7036,0.7750,2375.8587,0.1328,0.0007,1.1350,-2.7702,11.5000,0.5257,2.0457,-0.1134,7.8282,29.2499,9.2201,11.8632,4.4644
11,Thumpus,Bass,73,"no velocity response (+0.0 dB, -0.00 oct brightness); weak low end for a bass (1 % under 150 Hz); wide bass (low end not mono) (width under 150 Hz 0.94); a little loud (+4.3 dB against its category)",1.0000,0.0004,0.0000,-9.0168,0.1858,0.9417,3198.1319,0.0134,0.0048,0.6800,-1.8779,0.3400,0.0617,0.0144,-0.0003,9.4037,11.2449,14.9882,7.2764,3.0219
15,Memory Leak,Pluck,74,"doesn't decay like a pluck (-8.7 dB after 1.8 s); no velocity response (+0.1 dB, -0.01 oct brightness); harsh top end (23.9 % above 8 kHz (category median 0.6 %))",0.4389,0.0000,0.0000,-22.1105,1.0171,1.0546,8771.8368,0.0006,0.2392,1.4550,-8.6773,0.2900,0.3070,0.0598,-0.0124,4.7185,7.6522,5.2029,9.8724,4.2247
53,Jupiter Bass,Bass,74,macros that barely change the sound (macro 1 (unnamed)); weak low end for a bass (13 % under 150 Hz); a little loud (+3.9 dB against its category); much darker than its category (50 Hz),0.7451,0.0000,0.0007,-9.3962,0.0190,0.0160,49.9333,0.1268,0.0000,0.1550,-4.6110,0.2450,0.4463,1.2123,0.3810,18.2953,0.1312,2.4751,1.0139,2.3251
2,Cinema Bells,Pluck,77,"doesn't decay like a pluck (-7.5 dB after 1.8 s); no velocity response (-1.5 dB, -0.05 oct brightness); very long tail (11.5 s to -60 dB after note-off)",0.4715,0.0000,0.0026,-18.6524,0.8026,1.1384,2460.6663,0.4257,0.0050,0.0050,-7.5369,11.5000,0.3347,-1.4583,-0.0473,8.4226,29.1657,5.6711,22.6264,11.5874
47,Chorusy Keys,Keys,77,"too quiet (-8.1 dB against its category); no velocity response (-0.4 dB, -0.08 oct brightness)",0.5949,0.0000,0.0000,-25.3650,0.9294,0.2236,1205.0563,0.8563,0.0000,0.0050,-27.8856,0.3000,0.9857,-0.3911,-0.0793,11.4859,6.7653,9.9446,20.9101,21.8338
34,Cursed Steps,Pluck,80,doesn't decay like a pluck (-7.9 dB after 1.8 s); a little quiet (-5.4 dB against its category); very long tail (11.5 s to -60 dB after note-off),0.5631,0.0000,0.0000,-24.7763,0.9455,0.7439,1110.4818,0.2532,0.0000,0.0000,-7.9404,11.5000,0.7041,-2.2094,-0.0804,15.5600,124.9909,26.9614,14.6529,12.4603
35,E4 One Note Metallophone,Pluck,80,"doesn't decay like a pluck (-8.5 dB after 1.8 s); no velocity response (-0.4 dB, +0.01 oct brightness)",0.7692,0.0000,0.0000,-20.9753,0.7455,0.6334,4978.1767,0.0018,0.0064,0.0000,-8.4597,1.3100,0.4345,-0.3979,0.0147,6.4904,7.4397,8.8647,6.6218,13.8737
36,Float Chords,Pluck,80,doesn't decay like a pluck (-9.4 dB after 1.8 s); much darker than its category (533 Hz); very long tail (11.5 s to -60 dB after note-off),0.3735,0.0000,0.0001,-21.5953,0.7649,0.8921,532.6951,0.9869,0.0000,0.2100,-9.3907,11.5000,0.7310,-0.5803,2.2461,3.6137,43.5305,10.1975,7.2859,23.4568
19,Simple Weoum,Bass,81,"no velocity response (-0.1 dB, -0.02 oct brightness); wide bass (low end not mono) (width under 150 Hz 1.10); a little quiet (-5.2 dB against its category)",0.9322,0.0000,0.0001,-17.8129,0.8898,1.1039,777.6414,0.8591,0.0000,0.1650,-2.2083,0.2950,1.0566,-0.0776,-0.0175,9.0430,13.1539,12.2720,12.5440,15.3938
22,Distant Majestic Lead,Lead,82,too quiet (-18.0 dB against its category); very long tail (11.5 s to -60 dB after note-off),0.2843,0.0000,0.0000,-32.8455,0.9438,0.7456,3073.3407,0.0000,0.0035,0.0050,-17.2412,11.5000,0.6782,22.9594,-0.2048,6.1478,33.4834,15.0081,24.1927,15.1102
44,Phaser Man,Pluck,83,doesn't decay like a pluck (-2.1 dB after 1.8 s); a little loud (+5.2 dB against its category),0.6779,0.0000,0.0024,-15.2333,0.1324,0.0110,3129.0638,0.7944,0.0017,0.1950,-2.0520,0.2950,0.1096,-0.5290,-0.2532,28.1308,12.0354,14.5233,18.3564,13.3464
1,Random Amp Growl,Bass,84,"no velocity response (+0.8 dB, -0.02 oct brightness); weak low end for a bass (10 % under 150 Hz)",0.7964,0.0000,0.0003,-12.7792,0.0050,0.0007,4087.8610,0.0994,0.0037,0.0800,-3.6667,0.0600,0.5162,0.8371,-0.0217,32.7100,366.0033,8.1854,1.8447,2.2073
18,Space Station,Pad,85,too quiet (-20.6 dB against its category),0.0404,0.0000,0.0004,-41.3023,0.3991,0.5925,1904.5501,0.0000,0.0013,1.7900,-3.8489,11.5000,0.1733,0.5767,-0.3027,4.3008,6.5392,11.4157,4.9598,14.2550
37,Honk Wub,Pad,85,too quiet (-10.3 dB against its category),0.1455,0.0000,0.0000,-30.9629,0.1513,0.0013,475.5534,0.5203,0.0000,0.0250,-2.8257,11.5000,0.2522,-0.2058,-0.1433,40.7777,33.6190,5.3693,54.3988,5.7593
38,LORN Style Lead,Pad,85,too loud (+9.7 dB against its category),1.0000,0.0001,0.0012,-12.2690,1.0544,1.1384,3365.2718,0.0938,0.0130,0.2550,-2.9629,11.5000,0.3378,3.3582,-0.0369,8.2750,22.8595,17.9164,12.5803,5.2574
54,Keystation,Keys,85,DC offset (0.016),0.6158,0.0000,0.0158,-14.9306,0.3155,0.3080,326.2089,0.1200,0.0000,0.0350,-5.1895,11.5000,0.1341,13.0525,0.7055,8.1372,4.7308,6.2363,14.3824,2.5681
7,Gorgled,Bass,86,"no velocity response (-0.1 dB, -0.06 oct brightness); wide bass (low end not mono) (width under 150 Hz 0.26)",0.7660,0.0000,0.0001,-14.2665,0.8279,0.2648,5478.0905,0.4844,0.0167,0.0300,-7.6392,0.0850,0.1596,-0.0690,-0.0570,10.1653,31.3799,65.7319,12.4765,17.7336
16,Oolacile Evil Dubstep Bass,Bass,86,"no velocity response (+0.0 dB, -0.01 oct brightness); wide bass (low end not mono) (width under 150 Hz 0.40)",0.8455,0.0000,0.0044,-13.8534,0.4592,0.3998,4641.6506,0.9378,0.0045,0.3400,-13.4899,0.7650,0.4175,0.0098,-0.0114,9.9558,16.1807,93.1126,4.2194,5.7816
23,Growl Bass Sidechain,Bass,86,"no velocity response (-0.0 dB, +0.02 oct brightness); wide bass (low end not mono) (width under 150 Hz 0.84)",0.5212,0.0000,0.0014,-14.3643,0.8877,0.8363,2664.4094,0.6486,0.0011,0.0300,-5.1704,0.5250,0.1550,-0.0085,0.0198,24.2157,9.4815,100.7086,3.3975,6.5500
5,Feeder,Pluck,88,doesn't decay like a pluck (-4.6 dB after 1.8 s),0.4505,0.0000,0.0001,-20.0228,0.2283,0.2352,5065.4017,0.0000,0.0073,1.0550,-4.5902,0.3900,0.9147,2.6754,-2.3994,12.0019,35.2010,30.2645,3.2422,69.3663
49,Fun Pulse,Pluck,88,doesn't decay like a pluck (-2.2 dB after 1.8 s),0.5484,0.0000,0.0000,-20.8775,1.0091,1.0908,4323.9874,0.0000,0.0118,0.0250,-2.2101,0.8250,0.0918,0.9381,-0.3683,15.0415,39.6887,22.9468,28.9181,51.7055
8,Snowcrash,Pad,89,harsh top end (5.6 % above 8 kHz (category median 0.4 %)); a little quiet (-4.1 dB against its category),0.3135,0.0000,0.0000,-24.7860,0.9176,0.7521,7760.0832,0.0303,0.0565,0.4400,-1.7662,11.5000,0.3054,-1.2307,0.0600,2.8084,10.5221,20.2245,14.7001,7.8668
42,Dispersed Grit,Bass,89,wide bass (low end not mono) (width under 150 Hz 0.21); much darker than its category (63 Hz),0.4996,0.0000,0.0098,-12.3733,0.2378,0.2093,62.8942,0.5340,0.0000,0.0200,-7.6292,0.3500,0.6057,2.3493,3.6472,31.1934,10.0126,3.9880,5.1161,10.0310
48,corrupted_...+=boot-_,Pad,89,harsh top end (2.6 % above 8 kHz (category median 0.4 %)); a little quiet (-5.9 dB against its category),0.2532,0.0000,0.0000,-26.5560,1.1671,0.2891,5819.2895,0.0130,0.0257,1.9750,-1.5464,11.5000,0.4691,0.5058,0.2525,5.2722,15.7185,8.9318,16.1153,37.6041
50,Moving Harmonics,Lead,89,harsh top end (8.4 % above 8 kHz (category median 0.3 %)); a little loud (+4.0 dB against its category),0.6544,0.0000,0.0000,-11.5634,0.2909,1.0936,5742.9580,0.0001,0.0836,0.0250,-1.9658,0.9000,0.0378,0.0861,0.1355,18.3900,15.9421,9.5736,9.2327,9.8469
10,Digestive Trauma,Bass,92,"no velocity response (-0.8 dB, +0.07 oct brightness)",0.7454,0.0000,0.0001,-14.2352,0.1460,0.1579,1192.3177,0.9427,0.0000,0.0350,-1.8814,0.0850,0.1250,-0.8191,0.0717,12.9573,11.3830,3.7770,2.4449,8.1709
20,VLT Future Gun,Bass,92,"no velocity response (-0.1 dB, +0.00 oct brightness)",0.6582,0.0000,0.0009,-11.0917,0.7286,0.1902,5041.3440,0.3201,0.0147,0.0150,-1.6397,0.0400,0.0545,-0.0829,0.0009,28.0131,3.8822,10.9677,9.8778,5.4243
28,Piano from the yard sale,Keys,92,macros that barely change the sound (macro 1 (unnamed)),0.6741,0.0000,0.0000,-19.9426,0.0518,0.0892,283.6256,0.0000,0.0000,0.0300,-47.9050,0.1300,1.3383,-0.0544,0.4085,8.3344,0.2835,2.4378,12.4892,19.1676
33,Smoker's Lounge,Keys,92,"no velocity response (+0.3 dB, +0.07 oct brightness)",0.8103,0.0000,0.0000,-17.3018,0.8972,1.3336,1187.7658,0.1375,0.0000,0.6750,-4.7259,11.5000,0.1857,0.3002,0.0678,4.6261,4.2650,21.3132,4.5774,14.7880
51,Phaser Entropy ,Bass,94,wide bass (low end not mono) (width under 150 Hz 0.92),0.4427,0.0000,0.0005,-11.4928,0.9412,0.9174,2001.8512,0.1787,0.0001,0.5450,-0.7125,0.0700,0.7632,1.3636,-0.2640,37.6398,28.1192,13.5594,23.2021,13.2880
41,Super Nice Pluck,Pad,95,a little loud (+5.9 dB against its category),0.8088,0.0000,0.0000,-16.0957,0.8283,1.0682,1519.7095,0.9065,0.0000,0.0600,-23.0013,11.5000,0.6087,-4.8426,0.2010,12.6748,27.4916,12.0580,34.9812,14.5250
43,Drowning Machine,Pad,95,a little loud (+3.8 dB against its category),0.5181,0.0000,0.0000,-18.2048,0.8028,0.7757,4420.1588,0.0217,0.0195,1.9350,-5.9123,11.5000,0.4353,8.9016,1.5511,3.3943,35.7068,4.4859,4.6644,8.0725
46,Super Pluck,Keys,95,a little quiet (-3.5 dB against its category),0.5565,0.0000,0.0000,-20.7821,0.8918,0.5138,2654.2001,0.0003,0.0008,0.0000,-45.2699,0.2000,1.0172,-0.2732,0.3090,11.4448,33.4530,12.8529,6.8079,21.5542
55,Salomon,Keys,95,a little loud (+4.2 dB against its category),0.7660,0.0000,0.0000,-13.3121,0.1865,0.4366,437.9517,0.0003,0.0000,0.2050,-4.2128,11.5000,0.5802,11.6005,-0.3909,6.6103,22.4495,1.9772,7.6109,29.9595
56,Synthetic Quartet,Lead,97,very long tail (11.5 s to -60 dB after note-off),0.6269,0.0000,0.0000,-14.2861,0.2634,0.6113,1251.0173,0.0000,0.0000,1.0900,-3.4107,11.5000,0.3083,4.4184,0.8076,4.0254,9.6011,6.0751,11.6750,9.1646
3,Ceramic,Keys,100,,0.5833,0.0000,0.0000,-17.2136,0.1783,0.3089,1957.4510,0.0006,0.0000,0.0050,-29.3875,0.5650,1.0660,13.3138,-0.0784,3.6079,18.4374,19.4909,6.0026,20.9791
9,Plucked String,Keys,100,,0.8070,0.0000,0.0000,-17.6752,0.5028,0.8048,841.8177,0.0000,0.0000,0.0050,-42.8734,0.1750,1.3175,-1.3335,0.1839,5.5665,10.6573,44.9692,18.9403,7.4874
21,Analog Pad,Pad,100,,0.4513,0.0000,0.0000,-21.9715,0.6329,1.0864,567.6245,0.0000,0.0000,0.2400,-4.1964,1.3650,0.5510,11.2724,-0.0145,6.4745,35.5718,9.1377,8.1340,6.8632
25,Strings Section,Pad,100,,0.5228,0.0000,0.0000,-21.9488,1.0200,0.9650,1174.0264,0.0000,0.0000,1.8800,-5.4607,11.5000,0.9791,25.8971,-0.5351,3.5212,13.2535,44.9738,5.8051,28.1500
30,Damped Horn,Lead,100,,0.6898,0.0000,0.0002,-15.6106,0.6227,0.5312,322.2116,0.8789,0.0000,1.0500,-14.4087,1.3450,0.4039,4.7282,1.9958,10.7760,6.9373,12.8101,21.7254,5.5167
52,Abbysun,Pad,100,,0.4139,0.0000,0.0000,-19.4430,0.6344,0.8657,3205.4599,0.0000,0.0041,1.7100,-14.8722,11.5000,1.5467,-9.1366,2.4524,5.6503,12.7452,9.0791,12.9296,5.2886
