index,name,rms_db,peak,centroid_hz,side_ratio
0,"Init",-12.8367,0.73249,2891.26,0
1,"Rip Bass",-11.0679,0.694073,767.363,0.404323
2,"Scream Lead",-21.6402,0.789081,4926.15,0.424885
3,"FM Monster",-9.9976,0.765205,4669.81,0.355641
4,"Hard Sync Stab",-19.1937,0.956695,3645.59,0.443375
5,"Sub Destroyer",-8.85619,0.644327,793.74,0
6,"Comb Pluck",-26.8231,0.582135,2097.68,0
7,"Neuro Wobble",-10.0768,0.823398,3012.06,0.561967
8,"Scream Wobble",-14.9298,0.822472,4351.17,0.41512
9,"Metal Pad",-12.9404,0.910601,1741.44,0.673193
10,"PWM Pulse",-21.0117,0.605156,3290.39,0.434209
11,"Doom Drone",-5.387,0.993015,1288.76,0.573448
12,"Reese Ripper",-12.2055,0.714992,1472.22,0.65245
13,"Acid Stab",-12.8032,0.717408,1980.82,0
14,"Virus Hypersaw",-15.9401,0.807699,3303.3,0.552379
15,"Virus Pluck",-25.0702,0.585729,3876.08,0.18187
16,"KS Bell",-22.484,0.635025,3826.21,0.406537
17,"Virus Pad",-15.6124,0.772015,1933.95,0.697249
18,"String Drone",-6.76931,0.998848,2007.75,0.752976
19,"Tape Reese",-12.1116,0.715008,1114.02,0.526431
20,"Resonator Bass",-11.5069,0.797343,1132.58,0.585423
21,"FM Growl",-10.7929,0.732913,2052.25,0
22,"Resonant Scream",-24.3882,0.411951,3481.33,0.392711
23,"Tape Lead",-12.461,0.933572,2863.92,0.486585
24,"Glitch Lead",-16.7211,0.867457,4606.08,0.432944
25,"Smear Pluck",-25.9708,0.490913,2238.64,0.367308
26,"Tap Pluck",-20.0996,0.722936,2385.14,0.158245
27,"Freeze Pad",-17.9776,0.624224,1871.24,0.674499
28,"Chord Pad",-14.7367,0.851738,1899.18,0.694443
29,"MSEG Sweep",-9.27771,0.968946,1686.02,0.569248
30,"Spectral Drone",-17.665,0.730056,2008.25,1.0408
31,"Granular Cloud",-24.2588,0.453974,2126.81,0.83789
32,"Clock Weirdo",-9.77588,0.980074,1894.23,0.497836
33,"KS Marimba",-26.7169,0.64879,3997.19,0.293697
34,"Step Sequence",-13.8427,0.712017,2684.69,0.670648
35,"Chord Stab",-20.8942,0.852698,2565.75,0.486321
36,"MPE Lead",-12.5691,0.937236,2911.5,0.478691
37,"Tape Drone",-8.66437,0.993843,1114.52,0.709658
38,"Neon Bass",-9.93902,0.801192,1504.55,0.510394
39,"Glass Keys",-14.6484,0.940319,2246.31,0.436899
40,"Vocal Chop",-33.8982,0.536169,4257.27,0.419726
41,"Tape Choir",-16.6558,0.786536,2186.15,0.772482
42,"Metal Drip",-5.36666,0.930075,1468.56,0.104087
43,"Hyper Pluck",-27.3665,0.49124,4880.13,0.186646
44,"S&H Techno",-12.4731,0.724796,2637.42,0.684374
45,"Morph Pad",-14.5009,0.874832,3029.66,0.696362
46,"Rust Bass",-9.97324,0.818881,2300.25,0.343623
47,"Glass Bell",-19.5985,0.641636,3164.48,0.329147
48,"Warp Stab",-20.2526,0.678738,4036.68,0.447605
49,"Sub Ritual",-8.23463,0.992084,335.776,0.750497
50,"Rig Lead",-16.6711,0.534975,4015.34,0.5669
51,"Shimmer Pad",-19.0953,0.556361,2190.01,0.814672
52,"Metal Keys",-22.029,0.761705,1217.48,0.388767
53,"Vocal Pad",-19.3224,0.592225,1571.18,0.867558
54,"Sub Tone 808",-15.6284,0.436368,306.271,0
55,"Feedback Drone",-26.7504,0.325779,1362.09,0.936049
56,"Frequency Shift",-16.6687,0.856055,3188.14,0.512064
57,"Vowel Lead",-11.5684,0.813083,3013.05,0.343913
58,"Reverse Stutter",-9.81463,0.881811,1837.84,0.545285
59,"Granular Pad",-24.6181,0.323141,2369.6,0.758641
60,"Odd Octaver",-17.8217,0.427708,1891.03,0
61,"Wide Chord Pad",-17.1788,0.689824,2085.51,0.780032
62,"Minor Chord Stab",-21.6637,0.934695,1190.89,0.346083
63,"Ring Bell",-24.9012,0.511632,2072.02,0.455646
64,"Tape Wow Dub",-15.9679,0.693867,1071.94,0.47003
65,"Clocked Bass",-13.7007,0.427708,1015.9,0
66,"MPE Glass",-14.6373,0.835077,1744.75,0.829138
67,"Crushed Trap",-13.9007,0.432023,2651.82,0
68,"Formant Scream II",-9.30829,0.871557,4478.66,0.321503
69,"Self Osc Drone",-20.1916,0.433593,1308.91,0.553114
70,"Tremolo Keys",-24.4792,0.727311,1560.69,0.513869
71,"Resonator Bell",-16.0004,0.924667,1155.3,0.500752
72,"LFO 4 Sweep",-15.1727,0.84205,2273.73,0.758345
73,"Quad Mod Pluck",-19.4679,0.733136,1927.86,0.405193
74,"LFO 3 Wobble",-13.0333,0.432023,2188.01,0
75,"Arp Glass",-18.4203,0.571986,1859.97,0.521694
76,"Resonator Pluck",-17.9793,0.818296,2502.59,0.36493
77,"Sub 808 Arp",-14.3577,0.436368,407.28,0
78,"Vocal Chops",-22.1992,0.426635,1554.72,0.363888
79,"Tape LFO Drift",-8.68268,0.992311,790.192,0.634032
80,"Ladder Sub",-17.3706,0.294697,244.721,0
81,"Diode Acid",-16.0629,0.342965,469.651,0
82,"MS-20 Growl",-6.82342,0.6726,500.927,0
83,"Hyper Reese",-17.1141,0.349083,462.895,0.292377
84,"Comb Bass",-16.3907,0.445411,1744,0
85,"Wavefold Sub",-16.4725,0.414422,962.488,0
86,"FM Donk",-27.2256,0.532149,311.575,0
87,"Sync Stab Bass",-15.4427,0.439519,1457.37,0
88,"Neuro Formant",-15.5001,0.427708,1934.31,0.260731
89,"Pluck Sub Bass",-22.5625,0.344658,221.685,0
90,"Octave Hyper Bass",-13.8648,0.427708,612.18,0.131427
91,"Rubber Mono",-18.4937,0.31686,540.219,0
92,"Ring Bass",-15.499,0.422848,216.987,0
93,"Deep House Bass",-15.0944,0.851219,263.721,0
94,"Warp Wobble",-13.4992,0.427708,739.181,0.317399
95,"Morph Filter Bass",-15.4536,0.459537,701.483,0
96,"Tape Sub",-14.2125,0.409938,384.977,0
97,"Distorted 808",-20.1099,0.403553,534.461,0
98,"Dark Ladder Pluck Bass",-19.9692,0.615487,235.142,0
99,"Per-Voice Wobble",-14.2001,0.427708,367.116,0
100,"Supersaw Anthem",-17.1208,0.781868,3337.13,0.52672
101,"Ladder Lead",-13.4425,0.560056,1570.28,0.13965
102,"Self-Osc Whistle",-26.0006,0.175597,883.824,0.279792
103,"Sync Scream",-10.4967,0.774581,4421.56,0.430224
104,"FM Brass Lead",-12.2359,0.782095,592.14,0.16585
105,"Hollow Pulse Lead",-25.745,0.184696,2229.99,0
106,"Talkbox Lead",-16.4138,0.662712,2306.06,0.39717
107,"Chip Lead",-24.6678,0.136335,3692.52,0
108,"Diode Screamer",-13.3462,0.419169,1686.83,0.0918834
109,"Glass Lead",-15.5208,0.801885,2727.17,0.324093
110,"Soft Saw Lead",-19.5307,0.43172,1285.47,0.380292
111,"Ring Lead",-20.6008,0.361491,2480.03,0.100429
112,"Fifth Stack Lead",-10.6186,0.789918,2242.34,0.337416
113,"Theremin",-11.5057,0.72747,390.243,0.319742
114,"Acid Squelch Lead",-13.3631,0.363191,892.111,0
115,"Stereo Bend Lead",-16.3914,0.490327,1223.49,0.295208
116,"Vintage Mono Lead",-15.3602,0.402631,1333.11,0
117,"Octave Screamer",-15.6541,0.419169,3066.58,0.24877
118,"Pan Flute",-15.5568,0.575131,1372.45,0.283539
119,"Ladder Pluck",-20.5343,0.80766,770.915,0.11848
120,"Hypersaw Pluck",-30.1389,0.519368,1431.21,0.806512
121,"Comb Harp",-18.3506,0.55684,1123.58,0.228566
122,"Nylon String",-31.3003,0.491603,3099.32,0.14031
123,"Pizzicato",-31.3849,0.426098,2076.88,0.260731
124,"Diode Blip",-25.0707,0.634985,1350.61,0.084861
125,"FM Pluck",-17.9354,0.771486,300.703,0.145925
126,"Kalimba",-16.5067,0.832354,306.991,0.14183
127,"Warp Pluck",-23.6215,0.666073,1222.75,0.100037
128,"Formant Pluck",-19.6278,0.90073,1560.53,0.0908876
129,"Muted Guitar",-30.3253,0.62124,2422.76,0
130,"Glass Mallet",-19.7753,0.770856,2213.82,0.216651
131,"Resonant Drop",-14.2714,0.988139,1627.38,0.31227
132,"Plucked Bell Stack",-13.5892,0.892423,1237.24,0.24094
133,"Warm Analog Pad",-18.3959,0.623475,1118.56,0.631619
134,"Vowel Pad",-17.7025,0.691282,1824.49,0.65121
135,"Hypersaw Pad",-16.5723,0.713636,1960.89,0.634837
136,"Comb Choir",-27.2647,0.271663,3780.55,0.628082
137,"Curve Motion Pad",-22.5817,0.3875,1044.18,0.598357
138,"Morphing Strings",-23.2549,0.409318,1907.98,0.593198
139,"Dark Matter",-20.8118,0.421216,488.724,0.56898
140,"Per-Voice Drift Pad",-17.1718,0.71918,1462.19,0.595371
141,"Shimmer Glass Pad",-17.6737,0.615439,2571.57,0.516123
142,"Sweep Pad",-27.7653,0.192986,218.897,0.538569
143,"Octave Stack Pad",-16.8896,0.664532,514.595,0.579877
144,"Pulse Width Pad",-21.2586,0.444983,1619.96,0.615496
145,"Breathing Pad",-23.2478,0.586651,2062.77,0.606927
146,"Routed Duo Pad",-21.2658,0.562008,3984.58,0.686308
147,"Tape Strings",-22.1163,0.538115,1837.67,0.676096
148,"FM E-Piano",-13.06,0.747339,286.709,0.113715
149,"Ladder Organ",-12.9381,0.692543,819.539,0.0797534
150,"Warm Clav",-28.2067,0.401233,2850.27,0
151,"Toy Piano",-17.5615,0.811592,744.885,0.113495
152,"Mellow Rhodes",-10.8664,0.818631,434.072,0.0898916
153,"Digital Bell Keys",-17.3392,0.694039,500.305,0.157844
154,"Harpsichord",-25.446,0.554993,4851.89,0.169183
155,"Vibraphone",-13.9244,0.813903,546.154,0.148131
156,"House Organ Chord",-19.4934,0.887946,884.648,0.0856325
157,"Stab Ladder Chord",-27.7524,0.581465,1038.88,0.560269
158,"Dub Chord",-20.6955,0.649519,925.488,0.160524
159,"Hypersaw Stab",-24.5712,0.674766,1784.07,0.509814
160,"Lo-Fi Chord",-16.0795,0.70932,637.041,0.167319
161,"Sus Pad Chord",-20.1581,0.521868,1495.74,0.703733
162,"Power Chord",-9.91693,0.664769,2415.75,0.829069
163,"Minor Glass Chord",-19.1851,0.631086,1878.43,0.264782
164,"Ladder Arp",-18.8587,0.632759,1401.84,0.0950427
165,"Random Glass Arp",-17.7246,0.672906,2861.18,0.326883
166,"Acid Arp",-17.2776,0.401505,832.092,0
167,"FM Sequence",-16.2878,0.671055,313.257,0.0862153
168,"Pluck Walker",-27.3512,0.483208,3938.83,0.182532
169,"Trance Gate Arp",-25.7152,0.367722,3291.56,0.788038
170,"Bouncing Ball Arp",-15.1053,0.638625,1036.62,0.186755
171,"Chord Arp",-20.4746,0.53914,1081.11,0.0859498
172,"Comb Cathedral",-17.8014,0.615158,1894.97,0.659315
173,"Self-Osc Choir",-29.4179,0.186748,1026.69,0.664826
174,"Ring Drone",-21.5271,0.333546,662.129,0.380565
175,"Diode Rumble",-14.7171,0.688451,196.475,0.449502
176,"Stairway Drone",-26.294,0.272322,2010.31,0.708608
177,"Tidal Drone",-26.3114,0.263265,1045.45,0.733904
178,"Bowed Metal",-11.3878,0.901547,2746.68,0.40561
179,"Riser Sweep",-34.1938,0.125643,1156.46,0.590541
180,"Laser Zap",-25.272,0.56663,3102.54,0.148835
181,"Noise Sweep",-19.3741,0.573938,3778.06,0.505671
182,"Alarm Siren",-17.2425,0.642961,1756.53,0.268401
183,"Metallic Hit",-23.021,0.550105,8743.99,0.285079
184,"Glitch Gate",-25.1366,0.435732,1100,0.506594
185,"Down Lifter",-24.7983,0.347128,8918.91,0.533611
186,"Freq Shift Wash",-22.8381,0.463096,2531.25,0.758846
187,"Wurli Drive",-8.54468,0.822457,693.361,0.0617151
188,"Celeste",-15.0232,0.834953,742.854,0.169858
189,"Soft Synth Piano",-15.9155,0.714661,1167.26,0.197134
190,"Pulse Arp Down",-19.6164,0.530408,2045.75,0.0994496
191,"Converge Bells",-14.2647,0.71819,971.904,0.218539
192,"Deep Space Drone",-17.1397,0.610874,955.748,0.708306
193,"Oversampled Grind",-13.6371,0.419169,256.697,0.298297
194,"Stutter Hit",-14.74,0.880733,1132.22,0.475783
195,"Radio Tuning",-19.9471,0.58599,4484.32,0.190978
196,"Ladder Swell Pad",-18.964,0.535592,666.663,0.537237
197,"EQ Sculpted Pad",-23.2268,0.385832,2813.4,0.567477
198,"Sitar Pluck",-31.1539,0.447517,3545.18,0.17792
199,"Legato Glide Lead",-14.3284,0.517904,1497.2,0.395375
200,"Chaos Kick",-20.6871,0.737082,1042.58,0
201,"FM Snare",-26.2666,0.909056,5596.07,0.0710151
202,"Metal Hat",-31.8732,0.783526,11105,0
203,"Granular Clap",-28.8281,0.696102,4520.3,0.318971
204,"Drunk Tom",-16.6023,0.907474,460.46,0.0771769
205,"Spectral Rim",-28.6628,0.92086,3588.44,0
206,"Operator Bell",-13.7507,0.74564,405.971,0.287403
207,"Through-Zero Growl",-16.1438,0.367853,626.582,0
208,"Feedback Choir",-17.6047,0.534948,1619.91,0.507268
209,"Key FM Scream",-11.4727,0.624622,1702.31,0.347878
210,"Stretched Glass Keys",-16.4388,0.696759,2640.17,0.199544
211,"Formant Shifter",-24.5577,0.418505,3744.36,0.368057
212,"Harmonic Cut Pad",-18.5717,0.540619,1918.31,0.46022
213,"Smeared Organ",-17.1838,0.728083,1738.33,0.101454
214,"Shift Bass",-16.9951,0.309262,601.802,0
215,"Grain Choir",-17.5805,0.699774,1383.43,0.810041
216,"Swarm",-30.071,0.261892,1431.3,0.732318
217,"Vinyl Dust Keys",-14.1458,0.783219,1400.99,0.153846
218,"Frozen Grain Lead",-18.0908,0.622686,1760.5,0.223763
219,"Lorenz Bass",-18.084,0.359423,605.756,0
220,"Drunk Tape Keys",-14.1234,0.7763,1242.41,0.108348
221,"Chaos Filter Pad",-15.9859,0.76076,872.612,0.638249
222,"Gated Supersaw",-18.5696,0.787345,2186.81,0.564338
223,"Swing Gate Pad",-22.5668,0.541027,1939.77,0.430176
224,"Stutter Stab",-16.1102,0.905071,1551.13,0.462162
225,"Pentatonic Rain",-12.8807,0.910746,2662.2,0.53516
226,"Scale Walker",-17.3378,0.547087,818.103,0.1123
227,"Hirajoshi Spray",-25.9653,0.573431,3552.99,0.369619
228,"Blues Machine",-15.6851,0.660972,1436.18,0.13449
229,"Granular Riser",-40.8232,0.0813457,5594.65,0.729613
230,"Lorenz Radio",-30.6676,0.212582,3489.66,0
231,"Audio Rate Siren",-9.21235,0.974207,1126.47,0.269819
232,"FM Kalimba",-15.8553,0.80086,301.074,0.166753
233,"Bitwise Arp",-18.3903,0.529823,2594.32,0.13326
234,"Throat Drone",-21.2092,0.518826,1125.78,0.844523
235,"Hammered Strings",-17.9757,0.693311,938.677,0.268723
236,"Pedal Bloom",-12.4629,0.918156,782.161,0.525724
237,"Honky Hammers",-16.5598,0.931565,1425.16,0.386349
238,"Bolted Strings",-16.8627,0.915524,1240.68,0.318803
239,"Bowed Board",-13.6942,0.79892,1501.35,0.481558
240,"Osc-Struck Strings",-11.6969,0.822203,756.33,0.321702
241,"Euclid Pluck Machine",-18.8453,0.711529,3988.5,0.130643
242,"Probability Bells",-16.8443,0.660187,798.739,0.35237
243,"Strummed Harp",-23.1194,0.692739,3541.58,0.517393
244,"Euclid Kalimba",-21.2141,0.792652,3792.3,0.206782
245,"Wood Bar Hybrid",-21.9529,0.681438,1324.3,0.268357
246,"Metal Plate Hybrid",-19.1288,0.603147,616.399,0.750209
247,"Bell Shell Hybrid",-19.8511,0.632426,862.201,0.678469
248,"Glass Shell Hybrid",-21.639,0.685422,1061.17,0.358345
249,"Supersaw Bell Body",-18.3065,0.674648,3037.39,0.679263
250,"Tine Keys",-17.1933,0.614871,533.44,0
251,"Reed Keys",-16.6113,0.748316,655.493,0
252,"Live Body",-120,0,0,0
253,"Live Wah",-120,0,0,0
254,"Live Grains",-8.46819,0.993353,1650.95,0.628439
255,"Live Strings",-23.9918,0.610682,2702.02,0.225681
256,"Grand Piano",-27.4139,0.541484,994.902,0.519654
257,"Nylon Twelve",-28.5053,0.746426,3451.06,0.397925
258,"Cello Section",-22.81,0.542859,1484.88,0.624141
259,"Harp Cascade",-28.5654,0.42363,4336.37,0.386773
260,"Viola Drone",-13.952,0.860281,1173.24,0.41709
261,"Detuned Zither",-33.1379,0.516981,5077.34,0.572337
262,"Slide Fiddle",-21.3798,0.290641,2516.89,0.132204
263,"Muted Cello Pizz",-30.5225,0.612956,4892.17,0.196267
264,"Baroque Lute",-29.7581,0.784913,5322.07,0.427922
265,"Contrabass Growl",-31.375,0.636958,1170.43,0
266,"String Ensemble Wide",-19.7028,0.630765,1907.06,0.733177
267,"Six-Layer Stack",-13.1951,0.810781,1455.78,0.121569
268,"Fifth Engine",-18.9371,0.326089,1709.31,0.102032
269,"Route Split Pad",-20.4485,0.687057,3022.1,0.693862
270,"Chorded Sixpack",-17.0984,0.689469,1117.66,0.162541
271,"Layered Sync Choir",-25.0086,0.236124,1452.6,0.460672
272,"Panned Engine Sweep",-17.0742,0.663125,1870.95,0.416567
273,"Modulated Route Bass",-21.1165,0.231867,994.103,0
274,"Six-Voice Drift",-15.6444,0.76995,978.008,0.56101
275,"Lorenz Wash",-15.631,0.675842,1128.48,0.452384
276,"Pendulum Swing Pad",-17.2135,0.766976,2022.91,0.414475
277,"Spring Bounce Bass",-19.0056,0.32734,503.373,0
278,"Double Pendulum Chaos",-22.7084,0.411494,3497.69,0.662608
279,"Henon Glitch",-13.4914,0.807377,2244.5,0.131542
280,"Rossler Tide",-25.9206,0.297423,4680.75,0.836708
281,"Stick-Slip Growl",-20.1585,0.211002,855.99,0
282,"Bouncing Ball FX",-32.4541,0.452523,636.16,0.111821
283,"Upright Piano",-29.7796,0.409585,837.296,0.207053
284,"Bright Concert Grand",-33.0972,0.301696,1009.9,0.622129
285,"Pedal Sustain Bloom",-31.8022,0.33512,925.519,0.707776
286,"Detuned Saloon",-30.8242,0.569983,1185.59,0.372097
287,"Prepared Piano Bells",-30.3449,0.266769,971.063,0.524031
288,"Soft Felt Piano",-31.0766,0.396326,996.418,0.48296
289,"Toy Grand",-27.9868,0.733385,1322.49,0.142026
290,"Dense Board Piano",-27.1251,0.487723,924.975,0.293107
291,"Vintage Tine",-14.1477,0.816225,499.408,0.101193
292,"Bark Rhodes",-25.3,0.311405,1131.78,0
293,"Growl Reed",-18.4297,0.498846,1540.74,0.06255
294,"Chorused Tine",-16.0481,0.685617,561.609,0.135238
295,"Distorted Tine Rock",-24.888,0.197857,1127.33,0.0774876
296,"Mellow Reed Bell",-14.5386,0.762175,333.853,0.423296
297,"DX Stack Bass",-18.391,0.267333,945.596,0
298,"DX Bell Pad",-15.2501,0.759074,1731.93,0.491712
299,"Diamond Growl",-15.5109,0.338443,730.775,0
300,"Two Pairs Keys",-12.1904,0.84468,750.947,0.0944748
301,"Three Carrier Choir",-18.4779,0.611152,384.375,0.54102
302,"One Drives Three",-16.389,0.502151,667.621,0.133146
303,"DX Keys Classic",-15.6303,0.593852,347.869,0.105811
304,"Ratio Snap Bell",-10.8893,0.898662,1531.28,0.377475
305,"Fixed Freq Clang",-16.8374,0.722364,2020.75,0.379487
306,"Feedback Chain Bass",-19.7488,0.268194,619.686,0
307,"Six-Op Organ",-23.8641,0.281792,839.162,0.109338
308,"Inharmonic Pluck",-16.947,0.720824,552.907,0.12065
309,"PD Casio Lead",-20.3307,0.25959,2267.2,0
310,"Warp Stack Bass",-15.3783,0.38964,2033.4,0
311,"Envelope Warp Pluck",-19.0764,0.681537,2644.89,0.129442
312,"PD Formant Voice",-27.6685,0.339251,4536.15,0.245756
313,"Dual Stage Warp Lead",-15.9134,0.647826,5272.71,0.371286
314,"PD Metallic Bell",-3.06092,0.962723,4771.89,0.0417487
315,"Warp Envelope Pad",-8.16557,0.72361,474.709,0.115353
316,"PD Growl Bass",-12.9775,0.438895,4637.74,0
317,"Euclid Bass Sequence",-22.2974,0.597519,1102.09,0
318,"Prob Seq Bells",-17.2138,0.623,941.782,0.434016
319,"Strummed Pad",-22.476,0.381811,2290.98,0.442496
320,"Ratchet Arp Machine",-26.0572,0.221447,1901.68,0
321,"Euclid Trance Gate",-17.1748,0.716352,2147.41,0.480807
322,"Scale Spray Keys",-13.5369,0.879665,647.883,0.407782
323,"Prob Seq Drone",-23.2273,0.328527,871.421,0.601529
324,"Euclid Exciter Pluck",-30.0787,0.430036,6152.55,0.183177
325,"Marimba Bar Body",-31.8993,0.469495,1161.77,0.18636
326,"Vibraphone Plate",-25.7764,0.225842,688.252,0.168792
327,"Church Bell Shell",-26.609,0.889136,3082.14,0.567659
328,"Glass Chime Body",-31.3063,0.253812,5837.54,0.435984
329,"Coupled String Body",-31.3548,0.423216,3962.68,0.581347
330,"FM Struck Body",-21.5831,0.378988,686.517,0.174857
331,"Feedback Body Growl",-23.7841,0.348425,2533.22,0.0759194
332,"West Body Pluck",-32.6796,0.453493,999.56,0.113584
333,"Deep FM Bell Body",-19.135,0.500142,1089.49,0.474657
334,"Struck Board Pad",-21.8072,0.387592,1083.73,0.428882
335,"Sympathetic Body Drone",-25.6331,0.242065,1440.85,0.525202
336,"Dual Body Coupling",-28.5939,0.415959,1152.46,0.415172
337,"West Folded Bass",-12.0517,0.511248,2030.83,0
338,"Buchla Bongo Melody",-24.921,0.641492,790.159,0.188845
339,"Steiner Growl",-15.2612,0.349918,943.774,0
340,"Vowel Bank Voice",-22.0286,0.400529,1558.29,0.431986
341,"Talking Filter Lead",-19.7787,0.397689,1304.27,0
342,"Twin Peak Pad",-18.5776,0.660692,1399.43,0.433986
343,"OTA Squelch",-30.2404,0.239536,881.593,0
344,"Comb Morph Pluck",-17.4064,0.690494,7436.66,0.1042
345,"Phaser Notch Sweep",-18.3047,0.749891,5383.9,0.639359
346,"SEM Classic Lead",-15.0501,0.536811,1720.96,0.119416
347,"Feedback Guitar Drone",-24.3642,0.456608,3273.64,0.428825
348,"Screaming Feedback Lead",-24.1894,0.18441,1416.83,0
349,"Evolve Macro Pad",-19.0653,0.653606,4173.25,0.433317
350,"Vector Corner Morph",-19.8011,0.608874,3505.39,0.522458
351,"Vector Path Drift",-14.9615,0.783039,2511.67,0.442543
352,"Feedback Distance Growl",-23.4847,0.238027,358.473,0
353,"Evolving Vector Drone",-25.8212,0.28608,1660.92,0.671136
354,"Vector Strike Pad",-14.1504,0.742096,2029.91,0.387825
355,"Bounced Bell Grains",-20.6868,0.7474,3525.92,0.689334
356,"Resampled FM Texture",-20.4783,0.75267,1744.31,0.751315
357,"Baked Chaos Loop",-17.191,0.697375,844.269,0.467678
358,"Reversed Piano Wash",-38.8474,0.127061,1073.59,0.91391
359,"Frozen Feedback Table",-25.4705,0.223196,2596.09,0
360,"Tabled Cello",-20.2639,0.590618,2626.49,0.657011
361,"Live Comb Wash",-120,0,0,0
362,"Live Feedback Loop",-120,0,0,0
363,"Live Struck Bells",-120,0,0,0
364,"Live West Fold",-120,0,0,0
365,"Live Vector Morph",-120,0,0,0
366,"Live Ring FM",-120,0,0,0
367,"Live Granular Delay",-37.9511,0.0839231,828.607,0.900315
368,"Live Formant Filter",-120,0,0,0
369,"Live Feedback Strings",-23.6015,0.532706,3192.66,0.41767
370,"Live Twin Peak Wah",-120,0,0,0
371,"Filter model: Low Pass",-12.7984,0.762362,1065.28,0
372,"Filter model: Band Pass",-25.2708,0.590863,2840.35,0
373,"Filter model: High Pass",-26.5081,0.645901,5976.45,0
374,"Filter model: Notch",-13.03,0.758991,3062.48,0
375,"Filter model: Ladder LP",-15.7372,0.665557,1206.9,0
376,"Filter model: Ladder HP",-29.7096,0.433304,6550.2,0
377,"Filter model: Diode LP",-16.1861,0.579132,880.989,0
378,"Filter model: MS-20 LP",-13.9326,0.683376,1047.05,0
379,"Filter model: Comb +",-12.5006,0.829173,2728.26,0
380,"Filter model: Comb -",-16.7919,0.602092,3269.43,0
381,"Filter model: Formant",-13.7646,0.827673,1996.31,0
382,"Filter model: Morph",-25.3001,0.589317,2843.71,0
383,"Filter model: Ladder BP",-17.9505,0.80256,2227.44,0
384,"Filter model: Ladder Drive",-15.8799,0.625982,822.274,0
385,"Filter model: SEM",-13.7138,0.672202,3124.3,0
386,"Filter model: OTA LP",-18.3061,0.438972,734.698,0
387,"Filter model: OTA BP",-28.9681,0.425319,2844.46,0
388,"Filter model: MS-20 HP",-29.5572,0.459957,6067.03,0
389,"Filter model: Steiner",-23.9268,0.641346,2879.18,0
390,"Filter model: Phaser Notch",-14.3644,0.726576,2906.61,0
391,"Filter model: Comb Damped",-12.9595,0.802501,2747.28,0
392,"Filter model: Comb Morph",-12.8324,0.736983,3032.31,0
393,"Filter model: Vowel",-14.865,0.720877,660.369,0
394,"Filter model: Talking",-20.4892,0.565999,1578.26,0
395,"Filter model: Twin Peak",-21.2787,0.551279,2803.32,0
